player_id,name,team,fantasy_pos,age,g,gs,pass_cmp,pass_att,pass_yds,pass_td,pass_int,rush_att,rush_yds,rush_yds_per_att,rush_td,targets,rec,rec_yds,rec_yds_per_rec,rec_td,fumbles,fumbles_lost,all_td,two_pt_md,two_pt_pass,fantasy_points,fantasy_points_ppr,draftkings_points,fanduel_points,vbd,fantasy_rank_pos,fantasy_rank_overall,year,half_ppr,pos_rank
MahoPa00,Patrick Mahomes,KAN,QB,23,16,16,383,580,5097,50,12,60,272,4.53,2,0,0,0,0,0,9,2,2,1,0,417,417.1,437.1,429.1,134,1,5,2018,429.1,1
RyanMa00,Matt Ryan,ATL,QB,33,16,16,422,608,4924,35,7,33,125,3.79,3,1,1,5,5.0,1,10,5,4,0,2,354,355.0,373.0,361.5,71,2,21,2018,361.5,2
RoetBe00,Ben Roethlisberger,PIT,QB,36,16,16,452,675,5129,34,16,31,98,3.16,3,1,1,-1,-1.0,0,7,2,3,0,4,341,341.9,362.9,357.4,58,3,27,2018,357.4,3
LuckAn00,Andrew Luck,IND,QB,29,16,16,430,639,4593,39,15,46,148,3.22,0,2,1,4,4.0,0,6,1,0,0,2,327,327.9,349.9,342.4,44,5,38,2018,342.4,4
WatsDe00,Deshaun Watson,HOU,QB,23,16,16,345,505,4165,26,9,99,551,5.57,5,0,0,0,0,0,9,3,5,0,0,332,331.7,349.7,340.7,49,4,31,2018,340.7,5
GoffJa00,Jared Goff,LAR,QB,24,16,16,364,561,4688,32,12,43,108,2.51,2,0,0,0,0,0,12,5,3,0,3,316,316.3,339.3,328.3,34,6,42,2018,328.3,6
RodgAa00,Aaron Rodgers,GNB,QB,35,16,16,372,597,4442,25,2,43,269,6.26,2,0,0,0,0,0,6,3,2,1,2,313,312.6,323.6,314.6,30,7,44,2018,314.6,7
BreeDr00,Drew Brees,NOR,QB,39,15,15,364,489,3992,32,5,31,22,0.71,4,1,1,1,1.0,0,5,1,4,0,1,304,305.0,314.0,309.5,21,8,52,2018,309.5,8
WilsRu00,Russell Wilson,SEA,QB,30,16,16,280,427,3448,35,7,67,376,5.61,0,1,1,-11,-11.0,0,10,2,0,0,1,298,299.4,314.4,305.9,16,9,58,2018,305.9,9
RivePh00,Philip Rivers,LAC,QB,37,16,16,347,508,4308,32,12,18,7,0.39,0,0,0,0,0,0,2,1,0,0,5,285,285.0,301.0,297.0,2,11,70,2018,297.0,10
NewtCa00,Cam Newton,CAR,QB,29,14,14,320,471,3395,24,13,101,488,4.83,4,0,0,0,0,0,6,0,4,0,2,283,282.6,301.6,295.6,0,12,75,2018,295.6,11
PresDa01,Dak Prescott,DAL,QB,25,16,16,356,526,3885,22,8,75,305,4.07,6,1,0,0,0,0,12,6,6,1,1,286,285.9,305.9,293.9,3,10,69,2018,293.9,12
CousKi00,Kirk Cousins,MIN,QB,30,16,16,425,606,4298,30,10,44,123,2.8,1,1,1,-1,-1.0,0,9,7,1,0,3,282,283.1,306.1,292.6,0,13,0,2018,292.6,13
BradTo00,Tom Brady,NWE,QB,41,16,16,375,570,4355,29,11,23,35,1.52,2,1,1,6,6.0,0,4,2,2,0,0,280,281.3,297.3,291.8,0,14,0,2018,291.8,14
TrubMi00,Mitchell Trubisky,CHI,QB,24,14,14,289,434,3223,24,12,68,421,6.19,3,0,0,0,0,0,6,3,3,0,4,263,263.0,284.0,275.0,0,15,0,2018,275.0,15
MayfBa00,Baker Mayfield,CLE,QB,23,14,13,310,486,3725,27,14,39,131,3.36,0,1,0,0,0,0,7,3,0,1,1,240,240.1,263.1,254.1,0,16,0,2018,254.1,16
MannEl00,Eli Manning,NYG,QB,37,16,16,380,576,4299,21,11,15,20,1.33,1,0,0,0,0,0,7,4,1,0,3,240,240.0,258.0,251.0,0,17,0,2018,251.0,17
KeenCa00,Case Keenum,DEN,QB,30,16,16,365,586,3890,18,15,26,93,3.58,2,0,0,0,0,0,11,2,2,0,0,215,214.9,234.9,229.9,0,19,0,2018,229.9,18
CarrDe02,Derek Carr,OAK,QB,27,16,16,381,553,4049,19,10,24,47,1.96,1,1,1,-9,-9.0,0,12,7,1,0,1,216,216.8,236.8,226.3,0,18,0,2018,226.3,19
StafMa00,Matthew Stafford,DET,QB,30,16,16,367,555,3777,21,11,25,71,2.84,0,0,0,0,0,0,6,4,0,0,0,212,212.2,230.2,223.2,0,20,0,2018,223.2,20
AlleJo02,Josh Allen,BUF,QB,22,12,11,169,320,2074,10,12,89,631,7.09,8,1,0,0,0,0,8,2,8,0,1,208,208.1,228.1,220.1,0,21,0,2018,220.1,21
WinsJa00,Jameis Winston,TAM,QB,24,11,9,244,378,2992,19,14,49,281,5.73,1,0,0,0,0,0,7,3,1,0,0,196,195.8,218.8,209.8,0,22,0,2018,209.8,22
WentCa00,Carson Wentz,PHI,QB,26,11,11,279,401,3074,21,7,34,93,2.74,0,1,1,4,4.0,0,9,6,0,0,1,193,193.7,209.7,200.2,0,23,0,2018,200.2,23
DaltAn00,Andy Dalton,CIN,QB,31,11,11,226,365,2566,21,11,16,99,6.19,0,0,0,0,0,0,1,0,0,0,0,175,174.5,188.5,185.5,0,25,0,2018,185.5,24
BortBl00,Blake Bortles,JAX,QB,26,13,12,243,403,2718,13,11,58,365,6.29,1,0,0,0,0,0,8,4,1,0,0,173,173.2,194.2,184.2,0,26,0,2018,184.2,25
MariMa01,Marcus Mariota,TEN,QB,25,14,13,228,331,2528,11,8,64,357,5.58,2,1,1,21,21.0,0,9,2,2,0,0,175,175.9,191.9,183.4,0,24,0,2018,183.4,26
DarnSa00,Sam Darnold,NYJ,QB,21,13,13,239,414,2865,17,15,44,138,3.14,1,0,0,0,0,0,5,2,1,0,0,168,168.4,191.4,183.4,0,27,0,2018,183.4,27
FitzRy00,Ryan Fitzpatrick,TAM,QB,36,8,7,164,246,2366,17,12,36,152,4.22,2,0,0,0,0,0,4,1,2,0,1,166,165.8,184.8,177.8,0,28,0,2018,177.8,28
JackLa00,Lamar Jackson,BAL,QB,21,16,7,99,170,1201,6,3,147,695,4.73,5,2,0,0,0,0,12,4,5,0,0,158,157.5,170.5,160.5,0,29,0,2018,160.5,29
TannRy00,Ryan Tannehill,MIA,QB,30,11,11,176,274,1979,17,9,32,145,4.53,0,1,1,3,3.0,1,5,4,1,0,0,142,143.0,162.0,151.5,0,30,0,2018,151.5,30
FlacJo00,Joe Flacco,BAL,QB,33,9,9,232,379,2465,12,6,19,45,2.37,0,0,0,0,0,0,3,1,0,0,0,137,137.1,147.1,143.1,0,32,0,2018,143.1,31
SmitAl03,Alex Smith,WAS,QB,34,10,10,205,328,2180,10,5,41,168,4.1,1,0,0,0,0,0,6,1,1,0,0,138,138.0,150.0,143.0,0,31,0,2018,143.0,32
MullNi00,Nick Mullens,SFO,QB,23,8,8,176,274,2277,13,10,18,-16,-0.89,0,0,0,0,0,0,2,0,0,0,1,123,123.5,136.5,133.5,0,33,0,2018,133.5,33
RoseJo01,Josh Rosen,ARI,QB,21,14,13,217,393,2278,11,14,23,138,6.0,0,0,0,0,0,0,10,5,0,0,1,113,112.9,137.9,126.9,0,34,0,2018,126.9,34
DrisJe00,Jeff Driskel,CIN,QB,25,9,5,105,176,1003,6,2,25,130,5.2,2,0,0,0,0,0,4,1,2,0,1,85,85.1,94.1,87.1,0,35,0,2018,87.1,35
BeatC.00,C.J. Beathard,SFO,QB,25,6,5,102,169,1252,8,7,19,69,3.63,1,0,0,0,0,0,5,3,1,0,0,75,75.0,88.0,82.0,0,37,0,2018,82.0,36
FoleNi00,Nick Foles,PHI,QB,29,5,5,141,195,1413,7,4,9,17,1.89,0,1,1,10,10.0,0,4,2,0,0,0,75,76.2,85.2,79.7,0,36,0,2018,79.7,37
OsweBr00,Brock Osweiler,MIA,QB,28,7,5,113,178,1247,6,4,8,21,2.63,0,0,0,0,0,0,1,1,0,0,1,68,68.0,76.0,72.0,0,38,0,2018,72.0,38
JohnJo05,Josh Johnson,WAS,QB,32,4,3,52,91,590,3,4,23,120,5.22,1,0,0,0,0,0,2,0,1,0,2,50,49.6,59.6,53.6,0,39,0,2018,53.6,39
GaroJi00,Jimmy Garoppolo,SFO,QB,27,3,3,53,89,718,5,3,8,33,4.13,0,0,0,0,0,0,4,0,0,0,1,48,48.0,54.0,51.0,0,40,0,2018,51.0,40
PryoTe00,Terrelle Pryor,2TM,QB,29,8,1,0,0,0,0,0,1,-1,-1.0,0,30,16,252,15.75,2,0,0,2,0,0,37,53.1,56.1,45.1,0,43,0,2018,45.1,41
TaylTy00,Tyrod Taylor,CLE,QB,29,4,3,42,85,473,2,2,16,125,7.81,1,0,0,0,0,0,3,0,1,0,0,41,41.4,49.4,43.4,0,41,0,2018,43.4,42
KessCo00,Cody Kessler,JAX,QB,25,5,4,85,131,709,2,2,19,123,6.47,0,0,0,0,0,0,5,3,0,0,0,39,38.7,49.7,40.7,0,42,0,2018,40.7,43
GabbBl00,Blaine Gabbert,TEN,QB,29,8,3,61,101,626,4,4,6,0,0.0,0,0,0,0,0,0,0,0,0,0,0,33,33.0,40.0,37.0,0,44,0,2018,37.0,44
HillTa00,Taysom Hill,NOR,QB,28,16,4,3,7,64,0,1,37,196,5.3,2,7,3,4,1.33,0,1,1,2,0,0,31,33.6,38.6,33.1,0,45,0,2018,33.1,45
DaniCh00,Chase Daniel,CHI,QB,32,5,2,53,76,515,3,2,13,3,0.23,0,1,1,8,8.0,0,4,0,0,0,0,30,30.7,35.7,32.2,0,46,0,2018,32.2,46
McCoCo00,Colt McCoy,WAS,QB,32,3,2,34,54,372,3,3,10,63,6.3,0,0,0,0,0,0,1,0,0,0,0,27,27.2,33.2,30.2,0,47,0,2018,30.2,47
AlleKy00,Kyle Allen,CAR,QB,22,2,1,20,31,266,2,0,5,19,3.8,1,0,0,0,0,0,0,0,1,0,0,27,26.5,26.5,26.5,0,48,0,2018,26.5,48
McCoJo01,Josh McCown,NYJ,QB,39,4,3,60,110,539,1,4,5,32,6.4,0,0,0,0,0,0,0,0,0,0,0,21,20.8,27.8,24.8,0,49,0,2018,24.8,49
PeteNa00,Nathan Peterman,BUF,QB,24,4,2,44,81,296,1,7,10,50,5.0,1,0,0,0,0,0,0,0,1,0,0,13,12.8,19.8,19.8,0,52,0,2018,19.8,50
BarkMa00,Matt Barkley,BUF,QB,28,1,1,15,25,232,2,0,3,-2,-0.67,0,0,0,0,0,0,0,0,0,0,0,17,17.1,17.1,17.1,0,50,0,2018,17.1,51
HeinTa00,Taylor Heinicke,CAR,QB,25,6,1,35,57,320,1,3,5,31,6.2,0,0,0,0,0,0,1,0,0,0,0,14,13.9,19.9,16.9,0,51,0,2018,16.9,52
BradSa00,Sam Bradford,ARI,QB,31,3,3,50,80,400,2,4,2,7,3.5,0,0,0,0,0,0,3,2,0,0,0,13,12.7,21.7,16.7,0,53,0,2018,16.7,53
ThomLo00,Logan Thomas,BUF,QB,27,12,3,1,1,15,0,0,0,0,0,0,17,12,77,6.42,0,0,0,0,0,0,8,20.3,20.3,14.3,0,55,0,2018,14.3,54
GlenMi00,Mike Glennon,ARI,QB,29,2,0,15,21,174,1,0,0,0,0,0,0,0,0,0,0,0,0,0,0,0,11,11.0,11.0,11.0,0,54,0,2018,11.0,55
AndeDe00,Derek Anderson,BUF,QB,35,2,2,42,70,465,0,4,1,-1,-1.0,0,0,0,0,0,0,3,2,0,0,0,7,6.5,15.5,10.5,0,57,0,2018,10.5,56
BridTe00,Teddy Bridgewater,NOR,QB,26,5,1,14,23,118,1,1,11,5,0.45,0,0,0,0,0,0,0,0,0,0,0,7,7.2,8.2,8.2,0,56,0,2018,8.2,57
KizeDe00,DeShone Kizer,GNB,QB,22,3,0,20,42,187,0,2,5,39,7.8,0,0,0,0,0,0,1,1,0,0,0,5,5.4,8.4,7.4,0,58,0,2018,7.4,58
SudfNa00,Nate Sudfeld,PHI,QB,25,2,0,1,2,22,1,0,2,-2,-1.0,0,0,0,0,0,0,0,0,0,0,0,5,4.7,4.7,4.7,0,59,0,2018,4.7,59
SancMa00,Mark Sanchez,WAS,QB,32,2,1,19,35,138,0,3,1,8,8.0,0,0,0,0,0,0,1,0,0,0,0,0,0.3,3.3,3.3,0,65,0,2018,3.3,60
CassMa00,Matt Cassel,DET,QB,36,2,0,7,17,59,0,1,2,13,6.5,0,0,0,0,0,0,0,0,0,0,0,2,1.7,2.7,2.7,0,60,0,2018,2.7,61
DobbJo00,Joshua Dobbs,PIT,QB,23,5,0,6,12,43,0,1,4,11,2.75,0,0,0,0,0,0,0,0,0,0,0,1,0.8,1.8,1.8,0,64,0,2018,1.8,62
GilbGa01,Garrett Gilbert,CAR,QB,27,1,0,2,3,40,0,0,0,0,0,0,0,0,0,0,0,0,0,0,0,0,2,1.6,1.6,1.6,0,61,0,2018,1.6,63
HennCh01,Chad Henne,KAN,QB,33,1,0,2,3,29,0,0,1,3,3.0,0,0,0,0,0,0,0,0,0,0,0,1,1.5,1.5,1.5,0,62,0,2018,1.5,64
GrifRo01,Robert Griffin III,BAL,QB,28,3,0,2,6,21,0,0,0,0,0,0,0,0,0,0,0,0,0,0,0,0,1,0.8,0.8,0.8,0,63,0,2018,0.8,65
SchaMa00,Matt Schaub,ATL,QB,37,3,0,5,7,20,0,0,1,0,0.0,0,1,1,-7,-7.0,0,1,0,0,0,0,0,1.1,1.1,0.6,0,67,0,2018,0.6,66
McCaA.00,A.J. McCarron,OAK,QB,28,2,0,1,3,8,0,0,3,-2,-0.67,0,0,0,0,0,0,1,0,0,0,0,0,0.1,0.1,0.1,0,66,0,2018,0.1,67
MannSe00,Sean Mannion,LAR,QB,26,3,0,2,3,23,0,0,7,-9,-1.29,0,0,0,0,0,0,0,0,0,0,0,0,0,0,0,0,68,0,2018,0.0,68
KellCh00,Chad Kelly,DEN,QB,24,1,0,0,0,0,0,0,1,-1,-1.0,0,0,0,0,0,0,0,0,0,0,0,0,-0.1,-0.1,-0.1,0,70,0,2018,-0.1,69
WeedBr00,Brandon Weeden,HOU,QB,35,1,0,0,0,0,0,0,1,-1,-1.0,0,0,0,0,0,0,0,0,0,0,0,0,-0.1,-0.1,-0.1,0,71,0,2018,-0.1,70
HoyeBr00,Brian Hoyer,NWE,QB,33,5,0,1,2,7,0,0,11,-8,-0.73,0,0,0,0,0,0,0,0,0,0,0,-1,-0.5,-0.5,-0.5,0,72,0,2018,-0.5,71
BrisJa00,Jacoby Brissett,IND,QB,26,4,0,2,4,2,0,0,7,-7,-1.0,0,0,0,0,0,0,0,0,0,0,0,-1,-0.6,-0.6,-0.6,0,73,0,2018,-0.6,72
LaulKy00,Kyle Lauletta,NYG,QB,23,2,0,0,5,0,0,1,1,-2,-2.0,0,0,0,0,0,0,0,0,0,0,0,-2,-2.2,-1.2,-1.2,0,75,0,2018,-1.2,73
SmitGe00,Geno Smith,LAC,QB,28,5,0,1,4,8,0,0,8,2,0.25,0,0,0,0,0,0,1,1,0,0,0,-1,-1.5,-0.5,-1.5,0,74,0,2018,-1.5,74
GurlTo01,Todd Gurley,LAR,RB,24,14,14,0,0,0,0,0,256,1251,4.89,17,81,59,580,9.83,4,1,1,21,3,0,313,372.1,379.1,342.6,178,1,1,2018,342.6,1
BarkSa00,Saquon Barkley,NYG,RB,21,16,16,0,0,0,0,0,261,1307,5.01,11,121,91,721,7.92,4,0,0,15,1,0,295,385.8,391.8,340.3,159,2,2,2018,340.3,2
McCaCh01,Christian McCaffrey,CAR,RB,22,16,16,1,1,50,1,0,219,1098,5.01,7,124,107,867,8.1,6,4,1,13,0,0,279,385.5,392.5,332.0,143,3,3,2018,332.0,3
KamaAl00,Alvin Kamara,NOR,RB,23,15,13,0,0,0,0,0,194,883,4.55,14,105,81,709,8.75,4,1,0,18,3,0,273,354.2,360.2,313.7,138,4,4,2018,313.7,4
ElliEz00,Ezekiel Elliott,DAL,RB,23,15,15,0,0,0,0,0,304,1434,4.72,6,95,77,567,7.36,3,6,1,9,0,0,252,329.1,336.1,290.6,117,5,7,2018,290.6,5
ConnJa00,James Conner,PIT,RB,23,13,12,0,0,0,0,0,215,973,4.53,12,71,55,497,9.04,1,4,2,13,2,0,225,280.0,288.0,252.5,90,7,14,2018,252.5,6
GordMe00,Melvin Gordon,LAC,RB,25,12,12,0,0,0,0,0,175,885,5.06,10,66,50,490,9.8,4,1,0,14,2,0,226,275.5,281.5,250.5,90,6,13,2018,250.5,7
WhitJa02,James White,NWE,RB,26,16,3,0,0,0,0,0,94,425,4.52,5,123,87,751,8.63,7,0,0,12,0,0,190,276.6,282.6,233.1,54,11,28,2018,233.1,8
MixoJo00,Joe Mixon,CIN,RB,22,14,13,0,0,0,0,0,237,1168,4.93,8,55,43,296,6.88,1,0,0,9,0,0,200,243.4,249.4,221.9,65,9,24,2018,221.9,9
JohnDa08,David Johnson,ARI,RB,27,16,16,0,0,0,0,0,258,940,3.64,7,76,50,446,8.92,3,3,2,10,1,0,197,246.6,254.6,221.6,61,10,26,2018,221.6,10
HuntKa00,Kareem Hunt,KAN,RB,23,11,11,0,0,0,0,0,181,824,4.55,7,35,26,378,14.54,7,0,0,14,0,0,204,230.2,236.2,217.2,69,8,23,2018,217.2,11
LindPh00,Phillip Lindsay,DEN,RB,24,15,8,0,0,0,0,0,192,1037,5.4,9,47,35,241,6.89,1,0,0,10,0,0,188,222.8,228.8,205.3,52,12,29,2018,205.3,12
CoheTa00,Tarik Cohen,CHI,RB,23,16,7,1,1,1,1,0,99,444,4.48,3,91,71,725,10.21,5,7,3,8,0,0,163,233.9,242.9,198.4,27,17,46,2018,198.4,13
HenrDe00,Derrick Henry,TEN,RB,24,16,12,2,3,14,0,0,215,1059,4.93,12,18,15,99,6.6,0,1,1,12,0,0,186,201.4,205.4,193.9,51,13,30,2018,193.9,14
CarsCh00,Chris Carson,SEA,RB,24,14,14,0,0,0,0,0,247,1151,4.66,9,24,20,163,8.15,0,3,2,9,0,0,181,201.4,209.4,191.4,46,14,37,2018,191.4,15
ChubNi00,Nick Chubb,CLE,RB,23,16,9,0,0,0,0,0,192,996,5.19,8,29,20,149,7.45,2,0,0,10,0,0,175,194.5,200.5,184.5,39,15,40,2018,184.5,16
DrakKe00,Kenyan Drake,MIA,RB,24,16,7,0,0,0,0,0,120,535,4.46,4,73,53,477,9.0,5,2,1,9,0,0,153,206.2,213.2,179.7,18,21,56,2018,179.7,17
PeteAd01,Adrian Peterson,WAS,RB,33,16,16,0,0,0,0,0,251,1042,4.15,7,26,20,208,10.4,1,3,2,8,0,0,169,189.0,197.0,179.0,34,16,43,2018,179.0,18
ColeTe01,Tevin Coleman,ATL,RB,25,16,14,0,0,0,0,0,167,800,4.79,4,44,32,276,8.63,5,2,0,9,0,0,162,193.6,199.6,177.6,26,18,48,2018,177.6,19
HowaJo00,Jordan Howard,CHI,RB,24,16,15,0,0,0,0,0,250,935,3.74,9,26,20,145,7.25,0,2,1,9,0,0,160,180.0,187.0,170.0,25,20,50,2018,170.0,20
MackMa00,Marlon Mack,IND,RB,22,12,10,0,0,0,0,0,195,908,4.66,9,26,17,103,6.06,1,2,2,10,2,0,161,178.1,186.1,169.6,26,19,49,2018,169.6,21
MillLa01,Lamar Miller,HOU,RB,27,14,14,0,0,0,0,0,210,973,4.63,5,35,25,163,6.52,1,1,1,6,0,0,148,172.6,179.6,160.1,12,22,59,2018,160.1,22
JoneAa00,Aaron Jones,GNB,RB,24,12,8,0,0,0,0,0,133,728,5.47,8,35,26,206,7.92,1,1,1,9,0,0,145,171.4,178.4,158.4,10,23,62,2018,158.4,23
EkelAu00,Austin Ekeler,LAC,RB,23,14,3,0,0,0,0,0,106,554,5.23,3,53,39,404,10.36,3,1,1,6,0,0,130,168.8,175.8,149.3,0,27,0,2018,149.3,24
BreiMa00,Matt Breida,SFO,RB,23,14,13,0,0,0,0,0,153,814,5.32,3,31,27,261,9.67,2,1,1,5,0,0,136,162.5,169.5,149.0,0,24,77,2018,149.0,25
YeldT.00,T.J. Yeldon,JAX,RB,25,14,5,0,0,0,0,0,104,414,3.98,1,78,55,487,8.85,4,1,1,5,0,0,118,173.1,180.1,145.6,0,30,0,2018,145.6,26
BarbPe01,Peyton Barber,TAM,RB,24,16,16,0,0,0,0,0,234,871,3.72,5,29,20,92,4.6,1,1,1,6,0,0,130,150.3,154.3,140.3,0,26,0,2018,140.3,27
MichSo00,Sony Michel,NWE,RB,23,13,8,0,0,0,0,0,209,931,4.45,6,11,7,50,7.14,0,1,1,6,0,0,132,139.1,143.1,135.6,0,25,0,2018,135.6,28
IngrMa01,Mark Ingram,NOR,RB,29,12,6,0,0,0,0,0,138,645,4.67,6,27,21,170,8.1,1,3,1,7,0,0,122,142.5,149.5,132.0,0,28,0,2018,132.0,29
CookDa01,Dalvin Cook,MIN,RB,23,11,10,0,0,0,0,0,133,615,4.62,2,49,40,305,7.63,2,2,2,4,0,0,112,152.0,160.0,132.0,0,31,0,2018,132.0,30
LewiDi00,Dion Lewis,TEN,RB,28,16,7,0,0,0,0,0,155,517,3.34,1,67,59,400,6.78,1,1,1,2,0,0,102,160.7,167.7,131.2,0,36,0,2018,131.2,31
CrowIs00,Isaiah Crowell,NYJ,RB,25,13,6,0,0,0,0,0,143,685,4.79,6,28,21,152,7.24,0,0,0,6,0,0,120,140.7,146.7,130.2,0,29,0,2018,130.2,32
HineNy00,Nyheim Hines,IND,RB,22,16,4,0,0,0,0,0,85,314,3.69,2,81,63,425,6.75,2,1,0,4,0,0,98,160.9,166.9,129.4,0,38,0,2018,129.4,33
JohnKe06,Kerryon Johnson,DET,RB,21,10,7,0,0,0,0,0,118,641,5.43,3,39,32,213,6.66,1,1,1,4,0,0,107,139.4,146.4,123.4,0,33,0,2018,123.4,34
RichJa01,Jalen Richard,OAK,RB,25,16,1,0,0,0,0,0,55,259,4.71,1,81,68,607,8.93,0,3,2,1,0,0,89,156.6,164.6,122.6,0,43,0,2018,122.6,35
MurrLa00,Latavius Murray,MIN,RB,28,16,6,0,0,0,0,0,140,578,4.13,6,26,22,141,6.41,0,0,0,6,1,0,110,131.9,137.9,120.9,0,32,0,2018,120.9,36
DaviMi01,Mike Davis,SEA,RB,25,15,2,0,0,0,0,0,112,514,4.59,4,42,34,214,6.29,1,0,0,5,0,0,103,136.8,142.8,119.8,0,34,0,2018,119.8,37
MartDo00,Doug Martin,OAK,RB,29,16,9,0,0,0,0,0,172,723,4.2,4,24,18,116,6.44,0,3,3,4,0,0,102,119.9,128.9,110.9,0,35,0,2018,110.9,38
McCoLe01,LeSean McCoy,BUF,RB,30,14,13,0,0,0,0,0,161,514,3.19,3,46,34,238,7.0,0,0,0,3,0,0,93,127.2,133.2,110.2,0,40,0,2018,110.2,39
FourLe00,Leonard Fournette,JAX,RB,23,8,8,0,0,0,0,0,133,439,3.3,5,26,22,185,8.41,1,0,0,6,0,0,98,120.4,126.4,109.4,0,37,0,2018,109.4,40
JohnDu00,Duke Johnson,CLE,RB,25,16,2,0,0,0,0,0,40,201,5.03,0,62,47,429,9.13,3,1,0,3,2,0,85,132.0,138.0,108.5,0,48,0,2018,108.5,41
SmalWe00,Wendell Smallwood,PHI,RB,24,16,6,0,0,0,0,0,87,364,4.18,3,35,28,230,8.21,2,2,1,5,1,0,89,117.4,124.4,103.4,0,42,0,2018,103.4,42
CollAl00,Alex Collins,BAL,RB,24,10,10,0,0,0,0,0,114,411,3.61,7,21,15,105,7.0,1,3,3,8,0,0,94,108.6,117.6,101.1,0,39,0,2018,101.1,43
WillJa06,Jamaal Williams,GNB,RB,23,16,8,0,0,0,0,0,121,464,3.83,3,41,27,210,7.78,0,0,0,3,1,0,87,114.4,120.4,100.9,0,46,0,2018,100.9,44
GoreFr00,Frank Gore,MIA,RB,35,14,14,0,0,0,0,0,156,722,4.63,0,16,12,124,10.33,1,1,0,1,0,0,91,102.6,108.6,96.6,0,41,0,2018,96.6,45
FreeRo00,Royce Freeman,DEN,RB,22,14,8,0,0,0,0,0,130,521,4.01,5,20,14,72,5.14,0,1,1,5,0,0,87,101.3,105.3,94.3,0,47,0,2018,94.3,46
HydeCa00,Carlos Hyde,2TM,RB,28,14,7,0,0,0,0,0,172,571,3.32,5,16,10,33,3.3,0,2,1,5,0,0,88,98.4,102.4,93.4,0,44,0,2018,93.4,47
EdwaGu00,Gus Edwards,BAL,RB,23,11,6,0,0,0,0,0,137,718,5.24,2,2,2,20,10.0,0,0,0,2,1,0,88,89.8,92.8,88.8,0,45,0,2018,88.8,48
BlueAl00,Alfred Blue,HOU,RB,27,16,2,0,0,0,0,0,150,499,3.33,2,27,20,154,7.7,0,0,0,2,0,0,77,97.3,103.3,87.3,0,49,0,2018,87.3,49
WillDa05,Damien Williams,KAN,RB,26,16,3,0,0,0,0,0,50,256,5.12,4,24,23,160,6.96,2,1,1,6,0,0,76,98.6,105.6,87.1,0,51,0,2018,87.1,50
RiddTh00,Theo Riddick,DET,RB,27,14,3,0,0,0,0,0,40,171,4.28,0,74,61,384,6.3,0,0,0,0,0,0,56,116.5,122.5,86.0,0,65,0,2018,86.0,51
SmitIt00,Ito Smith,ATL,RB,23,14,0,0,0,0,0,0,90,315,3.5,4,32,27,152,5.63,0,1,0,4,0,0,71,97.7,103.7,84.2,0,53,0,2018,84.2,52
BlouLe00,LeGarrette Blount,DET,RB,32,16,8,0,0,0,0,0,154,418,2.71,5,15,10,67,6.7,0,2,1,5,0,0,77,86.5,90.5,81.5,0,50,0,2018,81.5,53
AdamJo03,Josh Adams,PHI,RB,22,14,5,0,0,0,0,0,120,511,4.26,3,13,7,58,8.29,0,1,1,3,1,0,75,81.9,85.9,78.4,0,52,0,2018,78.4,54
BernGi00,Giovani Bernard,CIN,RB,27,12,4,0,0,0,0,0,56,211,3.77,3,48,35,218,6.23,0,0,0,3,0,0,61,95.9,101.9,78.4,0,60,0,2018,78.4,55
SamuJa00,Jaylen Samuels,PIT,RB,22,14,3,0,0,0,0,0,56,256,4.57,0,29,26,199,7.65,3,1,0,3,0,0,64,89.5,95.5,76.5,0,57,0,2018,76.5,56
McGuEl00,Elijah McGuire,NYJ,RB,24,8,3,0,0,0,0,0,92,276,3.0,3,31,19,193,10.16,1,2,2,4,0,0,67,85.9,93.9,76.4,0,54,0,2018,76.4,57
AlleJa01,Javorius Allen,BAL,RB,27,14,0,0,0,0,0,0,41,110,2.68,3,43,35,196,5.6,2,1,1,5,0,0,59,93.6,100.6,76.1,0,64,0,2018,76.1,58
IvorCh00,Chris Ivory,BUF,RB,30,13,1,0,0,0,0,0,115,385,3.35,1,21,13,205,15.77,0,1,0,1,0,0,65,78.0,84.0,71.5,0,55,0,2018,71.5,59
LyncMa00,Marshawn Lynch,OAK,RB,32,6,6,0,0,0,0,0,90,376,4.18,3,20,15,84,5.6,0,0,0,3,0,0,64,79.0,82.0,71.5,0,56,0,2018,71.5,60
ThomCh03,Chris Thompson,WAS,RB,28,10,0,0,0,0,0,0,43,178,4.14,0,55,41,268,6.54,1,1,0,1,0,0,51,91.6,97.6,71.1,0,66,0,2018,71.1,61
ClemCo00,Corey Clement,PHI,RB,24,11,0,0,0,0,0,0,68,259,3.81,2,25,22,192,8.73,0,4,0,2,1,0,59,81.1,87.1,70.1,0,62,0,2018,70.1,62
WareSp00,Spencer Ware,KAN,RB,27,13,2,0,0,0,0,0,51,246,4.82,2,23,20,224,11.2,0,0,0,2,0,0,59,79.0,85.0,69.0,0,63,0,2018,69.0,63
BookDe00,Devontae Booker,DEN,RB,26,16,0,0,0,0,0,0,34,183,5.38,1,51,38,275,7.24,0,1,1,1,0,0,50,87.8,94.8,68.8,0,68,0,2018,68.8,64
PennRa00,Rashaad Penny,SEA,RB,22,14,0,0,0,0,0,0,85,419,4.93,2,12,9,75,8.33,0,0,0,2,0,0,61,70.4,73.4,65.9,0,59,0,2018,65.9,65
AndeC.00,C.J. Anderson,2TM,RB,27,11,3,0,0,0,0,0,67,403,6.01,2,9,5,41,8.2,1,0,0,3,0,0,62,67.4,70.4,64.9,0,58,0,2018,64.9,66
MorrAl00,Alfred Morris,SFO,RB,30,12,1,0,0,0,0,0,111,428,3.86,2,13,8,73,9.13,0,2,1,2,0,0,60,68.1,72.1,64.1,0,61,0,2018,64.1,67
RodgJa00,Jacquizz Rodgers,TAM,RB,28,16,0,0,0,0,0,0,33,106,3.21,1,45,38,304,8.0,0,1,1,1,0,0,45,83.0,90.0,64.0,0,74,0,2018,64.0,68
MontTy01,Ty Montgomery,2TM,RB,25,13,0,0,0,0,0,0,41,188,4.59,1,40,25,235,9.4,0,2,1,1,0,0,46,71.3,78.3,58.8,0,71,0,2018,58.8,69
PoweBi00,Bilal Powell,NYJ,RB,30,7,7,0,0,0,0,0,80,343,4.29,0,18,11,110,10.0,1,2,1,1,0,0,49,60.3,67.3,54.8,0,69,0,2018,54.8,70
BibbKa00,Kapri Bibbs,2TM,RB,25,12,0,0,0,0,0,0,21,103,4.9,3,23,16,115,7.19,1,1,0,4,0,0,46,61.8,67.8,53.8,0,73,0,2018,53.8,71
ZennZa00,Zach Zenner,DET,RB,27,8,1,0,0,0,0,0,55,265,4.82,3,10,7,56,8.0,0,0,0,3,0,0,50,57.1,60.1,53.6,0,67,0,2018,53.6,72
JackJu01,Justin Jackson,LAC,RB,22,13,1,0,0,0,0,0,50,206,4.12,2,19,15,135,9.0,0,0,0,2,0,0,46,61.1,67.1,53.6,0,72,0,2018,53.6,73
EdmoCh00,Chase Edmonds,ARI,RB,22,16,0,0,0,0,0,0,60,208,3.47,2,23,20,103,5.15,0,1,0,2,0,0,43,63.1,69.1,53.1,0,76,0,2018,53.1,74
JuszKy00,Kyle Juszczyk,SFO,RB,27,16,14,0,0,0,0,0,8,30,3.75,0,41,30,324,10.8,1,2,2,1,0,0,37,67.4,72.4,52.4,0,78,0,2018,52.4,75
WilkJo01,Jordan Wilkins,IND,RB,24,16,3,0,0,0,0,0,60,336,5.6,1,17,16,85,5.31,0,2,2,1,0,0,44,60.1,65.1,52.1,0,75,0,2018,52.1,76
DixoKe00,Kenneth Dixon,BAL,RB,24,6,0,0,0,0,0,0,60,333,5.55,2,7,6,51,8.5,0,2,1,2,0,0,48,54.4,58.4,51.4,0,70,0,2018,51.4,77
BurkRe00,Rex Burkhead,NWE,RB,28,8,4,0,0,0,0,0,57,186,3.26,0,20,14,131,9.36,1,2,1,1,0,0,36,49.7,56.7,42.7,0,79,0,2018,42.7,78
AjayJa00,Jay Ajayi,PHI,RB,25,4,3,0,0,0,0,0,45,184,4.09,3,6,5,20,4.0,0,1,1,3,1,0,38,43.4,47.4,40.9,0,77,0,2018,40.9,79
CannTr00,Trenton Cannon,NYJ,RB,24,16,0,0,0,0,0,0,38,113,2.97,1,25,17,144,8.47,0,0,0,1,0,0,32,48.7,54.7,40.2,0,83,0,2018,40.2,80
WilsJe01,Jeff Wilson,SFO,RB,23,6,2,0,0,0,0,0,66,266,4.03,0,15,12,98,8.17,0,3,2,0,0,0,32,44.4,49.4,38.4,0,82,0,2018,38.4,81
GallWa00,Wayne Gallman,NYG,RB,24,15,1,0,0,0,0,0,51,176,3.45,1,22,14,89,6.36,0,2,1,1,0,0,31,44.5,48.5,37.5,0,84,0,2018,37.5,82
BrowMa03,Malcolm Brown,LAR,RB,25,12,0,0,0,0,0,0,43,212,4.93,0,7,5,52,10.4,1,0,0,1,1,0,34,39.4,42.4,36.9,0,80,0,2018,36.9,83
MostRa00,Raheem Mostert,SFO,RB,26,9,0,0,0,0,0,0,34,261,7.68,1,7,6,25,4.17,0,1,1,1,0,0,33,38.6,42.6,35.6,0,81,0,2018,35.6,84
BallKa00,Kalen Ballage,MIA,RB,23,12,0,0,0,0,0,0,36,191,5.31,1,11,9,56,6.22,0,1,1,1,0,0,29,37.7,41.7,33.2,0,85,0,2018,33.2,85
MurpMa03,Marcus Murphy,BUF,RB,27,11,1,0,0,0,0,0,52,250,4.81,0,19,11,26,2.36,0,1,0,0,0,0,28,38.6,41.6,33.1,0,86,0,2018,33.1,86
SmitRo06,Rod Smith,DAL,RB,26,16,1,0,0,0,0,0,44,127,2.89,1,12,9,60,6.67,0,0,0,1,0,0,25,33.7,36.7,29.2,0,88,0,2018,29.2,87
BoldBr00,Brandon Bolden,MIA,RB,28,16,0,0,0,0,0,0,8,91,11.38,2,3,3,13,4.33,1,1,1,3,0,0,26,29.4,30.4,27.9,0,87,0,2018,27.9,88
JanoAn00,Andy Janovich,DEN,RB,25,16,7,0,0,0,0,0,2,5,2.5,0,10,8,112,14.0,1,0,0,1,0,0,18,25.7,28.7,21.7,0,89,0,2018,21.7,89
LineZa01,Zach Line,NOR,RB,28,16,6,0,0,0,0,0,9,41,4.56,0,10,5,14,2.8,2,0,0,2,0,0,18,22.5,22.5,20.0,0,90,0,2018,20.0,90
SherAn00,Anthony Sherman,KAN,RB,30,16,1,0,0,0,0,0,1,2,2.0,0,9,8,96,12.0,1,0,0,1,0,0,16,23.8,23.8,19.8,0,91,0,2018,19.8,91
MizzTa00,Taquan Mizzell,CHI,RB,25,9,1,0,0,0,0,0,9,16,1.78,0,10,8,78,9.75,1,0,0,1,0,0,15,23.4,23.4,19.4,0,92,0,2018,19.4,92
JoneRo01,Ronald Jones II,TAM,RB,21,9,0,0,0,0,0,0,23,44,1.91,1,9,7,33,4.71,0,0,0,1,0,0,14,20.7,20.7,17.2,0,97,0,2018,17.2,93
ArtiCa00,Cameron Artis-Payne,CAR,RB,28,9,0,0,0,0,0,0,19,69,3.63,1,4,3,15,5.0,0,0,0,1,0,0,14,17.4,17.4,15.9,0,95,0,2018,15.9,94
WashDw00,Dwayne Washington,NOR,RB,24,13,0,0,0,0,0,0,27,154,5.7,0,0,0,0,0,0,0,0,0,0,0,15,15.4,18.4,15.4,0,93,0,2018,15.4,95
ShahAd00,Adam Shaheen,CHI,RB,24,6,4,0,0,0,0,0,0,0,0,0,6,5,48,9.6,1,0,0,1,1,0,13,17.8,17.8,15.3,0,99,0,2018,15.3,96
GranCo00,Corey Grant,JAX,RB,27,5,1,0,0,0,0,0,13,40,3.08,0,12,9,67,7.44,0,0,0,0,0,0,11,19.7,19.7,15.2,0,100,0,2018,15.2,97
HillBr02,Brian Hill,ATL,RB,23,10,0,0,0,0,0,0,20,157,7.85,0,2,1,9,9.0,0,1,1,0,0,0,15,15.6,19.6,15.1,0,94,0,2018,15.1,98
HamxC.00,C.J. Ham,MIN,RB,25,15,2,0,0,0,0,0,6,8,1.33,0,15,11,85,7.73,0,0,0,0,0,0,9,20.3,20.3,14.8,0,105,0,2018,14.8,99
WillDa10,Darrel Williams,KAN,RB,23,6,0,0,0,0,0,0,13,44,3.38,0,3,3,27,9.0,1,0,0,1,0,0,13,16.1,16.1,14.6,0,98,0,2018,14.6,100
ArmaAl00,Alex Armah,CAR,RB,24,16,2,0,0,0,0,0,9,15,1.67,2,1,1,5,5.0,0,0,0,2,0,0,14,15.0,15.0,14.5,0,96,0,2018,14.5,101
HillDo00,Dontrell Hilliard,CLE,RB,23,11,0,0,1,0,0,1,0,0,0,0,10,9,105,11.67,0,0,0,0,0,0,9,17.5,21.5,14.0,0,108,0,2018,14.0,102
FreeDe00,Devonta Freeman,ATL,RB,26,2,2,0,0,0,0,0,14,68,4.86,0,7,5,23,4.6,0,0,0,0,0,0,9,14.1,14.1,11.6,0,106,0,2018,11.6,103
FordKe00,Keith Ford,BUF,RB,24,2,1,0,0,0,0,0,21,79,3.76,0,5,3,21,7.0,0,0,0,0,0,0,10,13.0,13.0,11.5,0,103,0,2018,11.5,104
PennEl00,Elijhaa Penny,NYG,RB,25,14,3,0,0,0,0,0,7,25,3.57,0,9,8,50,6.25,0,0,0,0,0,0,8,15.5,15.5,11.5,0,109,0,2018,11.5,105
KellJo00,John Kelly,LAR,RB,22,4,0,0,0,0,0,0,27,74,2.74,0,3,2,27,13.5,0,0,0,0,0,0,10,12.1,12.1,11.1,0,102,0,2018,11.1,106
WashDe00,DeAndre Washington,OAK,RB,25,10,0,0,0,0,0,0,30,115,3.83,0,1,1,9,9.0,0,1,1,0,0,0,10,11.4,15.4,10.9,0,101,0,2018,10.9,107
WestCh01,Charcandrick West,KAN,RB,27,3,0,0,0,0,0,0,2,-1,-0.5,0,3,2,37,18.5,1,0,0,1,0,0,10,11.6,11.6,10.6,0,104,0,2018,10.6,108
WaltMa00,Mark Walton,CIN,RB,21,14,0,0,0,0,0,0,14,34,2.43,0,8,5,41,8.2,0,0,0,0,0,0,8,12.5,12.5,10.0,0,110,0,2018,10.0,109
ForeDO00,D'Onta Foreman,HOU,RB,22,1,0,0,0,0,0,0,7,-1,-0.14,0,2,2,28,14.0,1,1,0,1,0,0,9,10.7,10.7,9.7,0,107,0,2018,9.7,110
DiMaPa00,Patrick DiMarco,BUF,RB,29,16,5,0,0,0,0,0,1,9,9.0,0,4,3,62,20.67,0,0,0,0,0,0,7,10.1,10.1,8.6,0,112,0,2018,8.6,111
BarnKe00,Kenjon Barner,2TM,RB,29,9,0,0,0,0,0,0,19,71,3.74,0,1,1,3,3.0,0,1,0,0,0,0,7,8.4,8.4,7.9,0,111,0,2018,7.9,112
NewsDe00,Detrez Newsome,LAC,RB,24,9,0,0,0,0,0,0,11,49,4.45,0,2,2,19,9.5,0,0,0,0,0,0,7,8.8,8.8,7.8,0,113,0,2018,7.8,113
LogaT.00,T.J. Logan,ARI,RB,24,10,0,0,0,0,0,0,2,2,1.0,0,7,7,37,5.29,0,0,0,0,0,0,4,10.9,10.9,7.4,0,119,0,2018,7.4,114
BohaTo00,Tommy Bohanon,JAX,RB,28,16,6,0,0,0,0,0,1,0,0.0,0,9,6,41,6.83,0,0,0,0,0,0,4,10.1,10.1,7.1,0,118,0,2018,7.1,115
HewiRy00,Ryan Hewitt,IND,RB,27,12,2,0,0,0,0,0,0,0,0,0,2,1,1,1.0,1,0,0,1,0,0,6,7.1,7.1,6.6,0,114,0,2018,6.6,116
NixxRo01,Roosevelt Nix,PIT,RB,26,16,0,0,0,0,0,0,1,4,4.0,0,6,4,38,9.5,0,0,0,0,0,0,4,8.2,8.2,6.2,0,117,0,2018,6.2,117
ThomRo05,Roc Thomas,MIN,RB,23,5,0,0,0,0,0,0,8,30,3.75,0,4,2,21,10.5,0,0,0,0,0,0,5,7.1,7.1,6.1,0,115,0,2018,6.1,118
MarsBy01,Byron Marshall,WAS,RB,24,6,0,0,0,0,0,0,3,9,3.0,0,6,4,30,7.5,0,0,0,0,0,0,4,7.9,7.9,5.9,0,120,0,2018,5.9,119
BoonMi00,Mike Boone,MIN,RB,23,8,0,0,0,0,0,0,11,47,4.27,0,3,2,1,0.5,0,0,0,0,0,0,5,6.8,6.8,5.8,0,116,0,2018,5.8,120
PeriSa00,Samaje Perine,WAS,RB,23,5,0,0,0,0,0,0,8,32,4.0,0,4,3,5,1.67,0,0,0,0,0,0,4,6.7,6.7,5.2,0,122,0,2018,5.2,121
ErviTy00,Tyler Ervin,HOU,RB,25,9,0,0,0,0,0,0,0,0,0,0,3,3,35,11.67,0,1,0,0,0,0,4,6.5,6.5,5.0,0,124,0,2018,5.0,122
WilsSh01,Shaun Wilson,TAM,RB,23,5,0,0,0,0,0,0,6,29,4.83,0,5,3,5,1.67,0,0,0,0,0,0,3,6.4,6.4,4.9,0,125,0,2018,4.9,123
MaddTr01,Tre Madden,SEA,RB,25,14,3,0,0,0,0,0,3,3,1.0,0,3,2,35,17.5,0,0,0,0,0,0,4,5.8,5.8,4.8,0,121,0,2018,4.8,124
GillMi00,Mike Gillislee,NOR,RB,28,4,0,0,0,0,0,0,16,43,2.69,0,1,1,9,9.0,0,1,1,0,0,0,3,4.2,5.2,3.7,0,126,0,2018,3.7,125
WillDa011,David Williams,JAX,RB,24,6,0,0,0,0,0,0,8,36,4.5,0,0,0,0,0,0,0,0,0,0,0,4,3.6,3.6,3.6,0,123,0,2018,3.6,126
HillJe01,Jeremy Hill,NWE,RB,26,1,0,0,0,0,0,0,4,25,6.25,0,1,1,6,6.0,0,0,0,0,0,0,3,4.1,4.1,3.6,0,127,0,2018,3.6,127
BellNi01,Nick Bellore,DET,RB,29,14,4,0,0,0,0,0,1,0,0.0,0,4,4,15,3.75,0,0,0,0,0,0,2,5.5,5.5,3.5,0,138,0,2018,3.5,128
CunnBe01,Benny Cunningham,CHI,RB,28,15,0,0,0,0,0,0,11,20,1.82,0,2,1,9,9.0,0,0,0,0,0,0,3,3.9,3.9,3.4,0,128,0,2018,3.4,129
ProsC.00,C.J. Prosise,SEA,RB,24,5,0,0,0,0,0,0,1,-3,-3.0,0,3,3,22,7.33,0,0,0,0,0,0,2,4.9,4.9,3.4,0,133,0,2018,3.4,130
TurnDe01,De'Lance Turner,BAL,RB,23,4,0,0,0,0,0,0,1,4,4.0,0,2,2,17,8.5,0,0,0,0,0,0,2,4.1,4.1,3.1,0,131,0,2018,3.1,131
ColeDe00,Derrick Coleman,ARI,RB,28,16,4,0,0,0,0,0,2,3,1.5,0,3,2,17,8.5,0,0,0,0,0,0,2,4.0,4.0,3.0,0,132,0,2018,3.0,132
CadeTr00,Travaris Cadet,CAR,RB,29,1,0,0,0,0,0,0,11,17,1.55,0,1,1,5,5.0,0,0,0,0,0,0,2,3.2,3.2,2.7,0,130,0,2018,2.7,133
OrtiRi00,Ricky Ortiz,ATL,RB,24,12,9,0,0,0,0,0,0,0,0,0,4,3,11,3.67,0,0,0,0,0,0,1,4.1,4.1,2.6,0,143,0,2018,2.6,134
LangJe00,Jeremy Langford,ATL,RB,27,1,0,0,0,0,0,0,9,25,2.78,0,0,0,0,0,0,0,0,0,0,0,3,2.5,2.5,2.5,0,129,0,2018,2.5,135
AbduAm00,Ameer Abdullah,2TM,RB,25,10,0,0,0,0,0,0,1,1,1.0,0,4,3,28,9.33,0,1,1,0,0,0,1,3.9,4.9,2.4,0,145,0,2018,2.4,136
CharJa00,Jamaal Charles,JAX,RB,32,2,0,0,0,0,0,0,6,7,1.17,0,3,2,7,3.5,0,0,0,0,0,0,1,3.4,3.4,2.4,0,140,0,2018,2.4,137
OlawJa00,Jamize Olawale,DAL,RB,29,16,4,0,0,0,0,0,0,0,0,0,4,2,13,6.5,0,0,0,0,0,0,1,3.3,3.3,2.3,0,142,0,2018,2.3,138
DaviJu00,Justin Davis,LAR,RB,23,11,0,0,0,0,0,0,2,19,9.5,0,0,0,0,0,0,0,0,0,0,0,2,1.9,1.9,1.9,0,134,0,2018,1.9,139
WattDe00,Derek Watt,LAC,RB,26,16,5,0,0,0,0,0,4,11,2.75,0,1,1,2,2.0,0,0,0,0,0,0,1,2.3,2.3,1.8,0,141,0,2018,1.8,140
StewJo00,Jonathan Stewart,NYG,RB,31,3,0,0,0,0,0,0,6,17,2.83,0,0,0,0,0,0,0,0,0,0,0,2,1.7,1.7,1.7,0,135,0,2018,1.7,141
FlueDa00,David Fluellen,TEN,RB,26,7,0,0,0,0,0,0,4,16,4.0,0,0,0,0,0,0,0,0,0,0,0,2,1.6,1.6,1.6,0,136,0,2018,1.6,142
JackDa01,Darius Jackson,2TM,RB,25,4,0,0,0,0,0,0,6,16,2.67,0,1,0,0,0,0,0,0,0,0,0,2,1.6,1.6,1.6,0,137,0,2018,1.6,143
WildBr01,Brandon Wilds,JAX,RB,25,3,0,0,0,0,0,0,6,15,2.5,0,0,0,0,0,0,0,0,0,0,0,2,1.5,1.5,1.5,0,139,0,2018,1.5,144
BurtMi00,Michael Burton,CHI,RB,26,8,1,0,0,0,0,0,0,0,0,0,1,1,6,6.0,0,0,0,0,0,0,1,1.6,1.6,1.1,0,148,0,2018,1.1,145
MichCh00,Christine Michael,IND,RB,28,1,0,0,0,0,0,0,2,9,4.5,0,0,0,0,0,0,0,0,0,0,0,1,0.9,0.9,0.9,0,144,0,2018,0.9,146
KellRo00,Robert Kelley,WAS,RB,26,2,0,0,0,0,0,0,4,8,2.0,0,0,0,0,0,0,0,0,0,0,0,1,0.8,0.8,0.8,0,146,0,2018,0.8,147
VitaDa00,Danny Vitale,GNB,RB,25,5,0,0,0,0,0,0,0,0,0,0,2,1,2,2.0,0,0,0,0,0,0,0,1.2,1.2,0.7,0,149,0,2018,0.7,148
WillJo07,Jonathan Williams,NOR,RB,24,3,0,0,0,0,0,0,3,0,0.0,0,1,1,1,1.0,0,0,0,0,0,0,0,1.1,1.1,0.6,0,150,0,2018,0.6,149
McNiJe00,Jeremy McNichols,IND,RB,23,1,0,0,0,0,0,0,2,4,2.0,0,0,0,0,0,0,0,0,0,0,0,1,0.4,0.4,0.4,0,147,0,2018,0.4,150
HendDe01,De'Angelo Henderson,NYJ,RB,26,3,0,0,0,0,0,0,2,19,9.5,0,0,0,0,0,0,1,1,0,0,0,0,-0.1,0.9,-0.1,0,162,0,2018,-0.1,151
TurbRo00,Robert Turbin,IND,RB,29,2,0,0,0,0,0,0,4,10,2.5,0,2,1,3,3.0,0,1,1,0,0,0,-1,0.3,1.3,-0.2,0,163,0,2018,-0.2,152
HillTy00,Tyreek Hill,KAN,WR,24,16,16,0,0,0,0,0,22,151,6.86,1,137,87,1479,17.0,12,0,0,14,0,0,247,334.0,340.0,290.5,131,1,6,2018,290.5,1
HopkDe00,DeAndre Hopkins,HOU,WR,26,16,16,0,1,0,0,0,1,-7,-7.0,0,163,115,1572,13.67,11,2,2,11,0,0,219,333.5,338.5,276.0,102,4,11,2018,276.0,2
AdamDa01,Davante Adams,GNB,WR,26,15,15,0,0,0,0,0,0,0,0,0,169,111,1386,12.49,13,0,0,13,1,0,219,329.6,332.6,274.1,102,3,10,2018,274.1,3
BrowAn04,Antonio Brown,PIT,WR,30,15,15,0,1,0,0,0,0,0,0,0,168,104,1297,12.47,15,0,0,15,0,0,220,323.7,326.7,271.7,103,2,9,2018,271.7,4
JoneJu02,Julio Jones,ATL,WR,29,16,16,0,0,0,0,0,2,12,6.0,0,170,113,1677,14.84,8,2,2,8,0,0,213,325.9,330.9,269.4,97,5,12,2018,269.4,5
ThomMi05,Michael Thomas,NOR,WR,25,16,16,0,0,0,0,0,0,0,0,0,147,125,1405,11.24,9,2,2,9,0,0,191,315.5,320.5,253.0,74,8,19,2018,253.0,6
ThieAd00,Adam Thielen,MIN,WR,28,16,16,0,0,0,0,0,5,30,6.0,0,153,113,1373,12.15,9,1,1,9,1,0,194,307.3,311.3,250.8,78,7,18,2018,250.8,7
EvanMi00,Mike Evans,TAM,WR,25,16,16,0,0,0,0,0,0,0,0,0,138,86,1524,17.72,8,2,1,9,0,0,204,290.4,294.4,247.4,88,6,15,2018,247.4,8
SmitJu00,JuJu Smith-Schuster,PIT,WR,22,16,13,0,0,0,0,0,1,13,13.0,0,166,111,1426,12.85,7,1,1,7,1,0,186,296.9,300.9,241.4,70,9,22,2018,241.4,9
WoodRo02,Robert Woods,LAR,WR,26,16,16,0,0,0,0,0,19,157,8.26,1,130,86,1219,14.17,6,0,0,7,0,0,180,265.6,271.6,222.6,63,10,25,2018,222.6,10
DiggSt00,Stefon Diggs,MIN,WR,25,15,14,0,0,0,0,0,10,62,6.2,0,149,102,1021,10.01,9,0,0,9,1,0,164,266.3,269.3,215.3,48,12,33,2018,215.3,11
AlleKe00,Keenan Allen,LAC,WR,26,16,14,0,0,0,0,0,9,75,8.33,0,136,97,1196,12.33,6,3,1,6,1,0,163,260.1,264.1,211.6,47,14,35,2018,211.6,12
CookBr00,Brandin Cooks,LAR,WR,25,16,16,0,0,0,0,0,10,68,6.8,1,117,80,1204,15.05,5,1,0,6,0,0,163,243.2,246.2,203.2,47,13,34,2018,203.2,13
HiltT.00,T.Y. Hilton,IND,WR,29,14,14,0,0,0,0,0,0,0,0,0,120,76,1270,16.71,6,0,0,6,0,0,163,239.0,242.0,201.0,47,15,36,2018,201.0,14
LockTy00,Tyler Lockett,SEA,WR,26,16,14,0,0,0,0,0,13,69,5.31,0,70,57,965,16.93,10,2,0,10,1,0,165,222.4,225.4,193.9,49,11,32,2018,193.9,15
BeckOd00,Odell Beckham Jr.,NYG,WR,26,12,12,2,2,106,2,0,5,19,3.8,0,124,77,1052,13.66,6,2,1,6,0,0,153,230.3,234.3,191.8,37,16,41,2018,191.8,16
BoydTy00,Tyler Boyd,CIN,WR,24,14,14,0,1,0,0,0,2,3,1.5,0,108,76,1028,13.53,7,0,0,7,0,0,145,221.1,224.1,183.1,29,17,45,2018,183.1,17
CoopAm00,Amari Cooper,2TM,WR,24,15,15,0,0,0,0,0,2,20,10.0,0,107,75,1005,13.4,7,2,2,7,0,0,141,215.5,220.5,178.0,24,19,51,2018,178.0,18
LandJa00,Jarvis Landry,CLE,WR,26,16,14,1,2,63,0,0,3,60,20.0,1,149,81,976,12.05,4,1,1,5,0,1,136,217.1,221.1,176.6,20,22,55,2018,176.6,19
RidlCa00,Calvin Ridley,ATL,WR,24,16,5,0,0,0,0,0,6,27,4.5,0,92,64,821,12.83,10,2,1,10,0,0,143,206.8,210.8,174.8,26,18,47,2018,174.8,20
GollKe00,Kenny Golladay,DET,WR,25,15,13,0,0,0,0,0,1,8,8.0,0,119,70,1063,15.19,5,1,0,5,0,0,137,207.1,210.1,172.1,21,21,54,2018,172.1,21
EdelJu00,Julian Edelman,NWE,WR,32,12,12,2,2,43,0,0,9,107,11.89,0,108,74,850,11.49,6,1,0,6,0,0,133,207.4,213.4,170.4,17,23,57,2018,170.4,22
SandEm00,Emmanuel Sanders,DEN,WR,31,12,12,1,1,28,1,0,4,53,13.25,1,98,71,868,12.23,4,1,0,5,0,0,127,198.2,201.2,162.7,11,24,60,2018,162.7,23
WillMi07,Mike Williams,LAC,WR,24,16,5,0,0,0,0,0,7,28,4.0,1,66,43,664,15.44,10,0,0,11,1,0,137,180.2,183.2,158.7,21,20,53,2018,158.7,24
GodwCh00,Chris Godwin,TAM,WR,22,16,5,0,0,0,0,0,0,0,0,0,95,59,842,14.27,7,4,1,7,1,0,126,185.2,189.2,155.7,10,25,63,2018,155.7,25
JeffAl00,Alshon Jeffery,PHI,WR,28,13,13,0,0,0,0,0,0,0,0,0,92,65,843,12.97,6,1,0,6,0,0,120,185.3,188.3,152.8,4,26,67,2018,152.8,26
FitzLa00,Larry Fitzgerald,ARI,WR,35,16,16,1,1,32,1,0,0,0,0,0,112,69,734,10.64,6,0,0,6,1,0,117,185.7,188.7,151.2,0,28,73,2018,151.2,27
DaviCo03,Corey Davis,TEN,WR,23,16,16,0,0,0,0,0,6,55,9.17,0,112,65,891,13.71,4,1,0,4,0,0,119,183.6,186.6,151.1,2,27,71,2018,151.1,28
HumpAd00,Adam Humphries,TAM,WR,25,16,10,0,0,0,0,0,2,11,5.5,0,105,76,816,10.74,5,2,0,5,0,0,113,188.7,191.7,150.7,0,32,0,2018,150.7,29
ShepSt00,Sterling Shepard,NYG,WR,25,16,16,0,0,0,0,0,3,33,11.0,0,107,66,872,13.21,4,1,0,4,1,0,117,182.5,185.5,149.5,0,29,74,2018,149.5,30
SanuMo00,Mohamed Sanu,ATL,WR,29,16,16,1,2,5,1,0,7,44,6.29,0,94,66,838,12.7,4,2,1,4,1,0,116,182.4,186.4,149.4,0,30,78,2018,149.4,31
WestDe00,Dede Westbrook,JAX,WR,25,16,9,0,1,0,0,0,9,98,10.89,0,101,66,717,10.86,5,3,2,6,0,0,114,179.5,184.5,146.5,0,31,0,2018,146.5,32
TateGo00,Golden Tate,2TM,WR,30,15,7,0,0,0,0,0,4,34,8.5,0,113,74,795,10.74,4,3,0,4,1,0,109,182.9,185.9,145.9,0,35,0,2018,145.9,33
JoneZa00,Zay Jones,BUF,WR,23,16,15,0,1,0,0,0,1,0,0.0,0,102,56,652,11.64,7,1,0,7,1,0,109,165.2,168.2,137.2,0,34,0,2018,137.2,34
AghoNe00,Nelson Agholor,PHI,WR,25,16,16,1,1,15,0,0,3,32,10.67,0,97,64,736,11.5,4,1,0,4,0,0,101,165.4,168.4,133.4,0,40,0,2018,133.4,35
AndeRo04,Robby Anderson,NYJ,WR,25,14,9,0,0,0,0,0,2,-8,-4.0,0,94,50,752,15.04,6,2,2,6,0,0,106,156.4,161.4,131.4,0,36,0,2018,131.4,36
JackDe00,DeSean Jackson,TAM,WR,32,12,10,0,0,0,0,0,6,29,4.83,1,74,41,774,18.88,4,0,0,5,0,0,110,151.3,154.3,130.8,0,33,0,2018,130.8,37
MoorD.00,D.J. Moore,CAR,WR,21,16,10,0,0,0,0,0,13,172,13.23,0,82,55,788,14.33,2,4,3,2,0,0,102,157.0,166.0,129.5,0,38,0,2018,129.5,38
ThomDe03,Demaryius Thomas,2TM,WR,31,15,15,0,0,0,0,0,0,0,0,0,89,59,677,11.47,5,0,0,5,0,0,98,156.7,159.7,127.2,0,43,0,2018,127.2,39
GreeA.00,A.J. Green,CIN,WR,30,9,9,0,0,0,0,0,0,0,0,0,77,46,694,15.09,6,2,1,6,0,0,103,149.4,153.4,126.4,0,37,0,2018,126.4,40
RobiAl02,Allen Robinson,CHI,WR,25,13,12,0,0,0,0,0,1,9,9.0,0,94,55,754,13.71,4,1,1,4,0,0,98,153.3,157.3,125.8,0,41,0,2018,125.8,41
NelsJo00,Jordy Nelson,OAK,WR,33,15,14,0,0,0,0,0,1,-2,-2.0,0,88,63,739,11.73,3,1,0,3,1,0,94,156.7,159.7,125.2,0,49,0,2018,125.2,42
BrowJo02,John Brown,BAL,WR,28,16,15,0,0,0,0,0,3,4,1.33,0,97,42,715,17.02,5,0,0,5,0,0,102,143.9,146.9,122.9,0,39,0,2018,122.9,43
GabrTa00,Taylor Gabriel,CHI,WR,27,16,11,0,0,0,0,0,9,61,6.78,0,93,67,688,10.27,2,1,1,2,0,0,85,151.9,155.9,118.4,0,54,0,2018,118.4,44
GordJo02,Josh Gordon,2TM,WR,27,12,12,0,0,0,0,0,0,0,0,0,71,41,737,17.98,4,0,0,4,0,0,98,138.7,141.7,118.2,0,44,0,2018,118.2,45
BeasCo00,Cole Beasley,DAL,WR,29,16,4,0,1,0,0,0,0,0,0,0,87,65,672,10.34,3,0,0,3,0,0,85,150.2,153.2,117.7,0,53,0,2018,117.7,46
SamuCu00,Curtis Samuel,CAR,WR,22,13,8,0,0,0,0,0,8,84,10.5,2,65,39,494,12.67,5,1,1,7,0,0,98,136.8,140.8,117.3,0,42,0,2018,117.3,47
WillTy00,Tyrell Williams,LAC,WR,26,16,10,0,0,0,0,0,2,15,7.5,0,65,41,653,15.93,5,2,0,5,0,0,97,137.8,140.8,117.3,0,46,0,2018,117.3,48
BaldDo00,Doug Baldwin,SEA,WR,30,13,13,0,0,0,0,0,0,0,0,0,73,50,618,12.36,5,0,0,5,0,0,92,141.8,144.8,116.8,0,50,0,2018,116.8,49
StilKe00,Kenny Stills,MIA,WR,26,15,15,1,1,3,1,0,0,0,0,0,64,37,553,14.95,6,1,0,6,1,0,97,134.4,137.4,115.9,0,45,0,2018,115.9,50
SuttCo00,Courtland Sutton,DEN,WR,23,16,9,0,0,0,0,0,1,-1,-1.0,0,84,42,704,16.76,4,0,0,4,0,0,94,136.3,139.3,115.3,0,48,0,2018,115.3,51
KuppCo00,Cooper Kupp,LAR,WR,25,8,8,0,0,0,0,0,4,25,6.25,0,55,40,566,14.15,6,0,0,6,0,0,95,135.1,138.1,115.1,0,47,0,2018,115.1,52
CallAn00,Antonio Callaway,CLE,WR,21,16,11,0,0,0,0,0,2,7,3.5,0,79,43,586,13.63,5,1,1,5,1,0,89,132.3,136.3,110.8,0,51,0,2018,110.8,53
MoncDo00,Donte Moncrief,JAX,WR,25,16,14,0,0,0,0,0,0,0,0,0,89,48,668,13.92,3,1,1,3,0,0,83,130.8,134.8,106.8,0,55,0,2018,106.8,54
CrabMi00,Michael Crabtree,BAL,WR,31,16,16,0,0,0,0,0,0,0,0,0,100,54,607,11.24,3,0,0,3,0,0,79,132.7,135.7,105.7,0,60,0,2018,105.7,55
MillAn02,Anthony Miller,CHI,WR,24,15,4,1,1,8,0,0,6,26,4.33,0,54,33,423,12.82,7,1,0,7,0,0,87,120.2,123.2,103.7,0,52,0,2018,103.7,56
SneaWi00,Willie Snead,BAL,WR,26,16,10,0,0,0,0,0,1,13,13.0,0,95,62,651,10.5,1,0,0,1,0,0,72,134.4,137.4,103.4,0,69,0,2018,103.4,57
KirkCh01,Christian Kirk,ARI,WR,22,12,7,0,0,0,0,0,3,35,11.67,0,68,43,590,13.72,3,0,0,3,0,0,81,123.5,126.5,102.0,0,57,0,2018,102.0,58
FuncDe00,Devin Funchess,CAR,WR,24,14,12,0,0,0,0,0,0,0,0,0,79,44,549,12.48,4,0,0,4,0,0,79,122.9,125.9,100.9,0,59,0,2018,100.9,59
HiggRa00,Rashard Higgins,CLE,WR,24,13,1,0,0,0,0,0,0,0,0,0,53,39,572,14.67,4,2,1,4,0,0,79,118.2,122.2,98.7,0,58,0,2018,98.7,60
JoneMa02,Marvin Jones,DET,WR,28,9,9,0,0,0,0,0,0,0,0,0,62,35,508,14.51,5,0,0,5,0,0,81,115.8,118.8,98.3,0,56,0,2018,98.3,61
AmenDa00,Danny Amendola,MIA,WR,33,15,15,1,1,28,1,0,1,-2,-2.0,0,79,59,575,9.75,1,2,0,1,0,0,68,127.4,130.4,97.9,0,74,0,2018,97.9,62
WatkSa00,Sammy Watkins,KAN,WR,25,10,9,0,0,0,0,0,5,52,10.4,0,55,40,519,12.98,3,1,0,3,0,0,75,115.1,118.1,95.1,0,63,0,2018,95.1,63
BourKe00,Kendrick Bourne,SFO,WR,23,16,8,0,0,0,0,0,0,0,0,0,66,42,487,11.6,4,1,0,4,0,0,73,114.7,117.7,93.7,0,68,0,2018,93.7,64
ValdMa00,Marquez Valdes-Scantling,GNB,WR,24,16,10,0,0,0,0,0,2,29,14.5,0,73,38,581,15.29,2,0,0,2,0,0,73,111.0,114.0,92.0,0,66,0,2018,92.0,65
RogeCh02,Chester Rogers,IND,WR,24,16,10,0,0,0,0,0,1,-4,-4.0,0,72,53,485,9.15,2,1,0,2,2,0,64,117.1,120.1,90.6,0,78,0,2018,90.6,66
FullWi01,Will Fuller,HOU,WR,24,7,7,0,0,0,0,0,0,0,0,0,45,32,503,15.72,4,0,0,4,0,0,74,106.3,109.3,90.3,0,65,0,2018,90.3,67
PettDa00,Dante Pettis,SFO,WR,23,12,7,0,0,0,0,0,1,-2,-2.0,0,45,27,467,17.3,5,2,0,5,0,0,77,103.5,106.5,90.0,0,61,0,2018,90.0,68
HogaCh00,Chris Hogan,NWE,WR,31,16,7,0,0,0,0,0,0,0,0,0,55,35,532,15.2,3,0,0,3,0,0,71,106.2,109.2,88.7,0,71,0,2018,88.7,69
MoorDa03,David Moore,SEA,WR,23,16,7,0,0,0,0,0,1,5,5.0,0,53,26,445,17.12,5,2,0,5,0,0,75,101.0,104.0,88.0,0,64,0,2018,88.0,70
DoctJo00,Josh Doctson,WAS,WR,26,15,12,0,0,0,0,0,0,0,0,0,78,44,532,12.09,2,0,0,2,0,0,65,109.2,112.2,87.2,0,75,0,2018,87.2,71
SmitTr03,Tre'Quan Smith,NOR,WR,22,15,7,0,0,0,0,0,0,0,0,0,44,28,427,15.25,5,0,0,5,0,0,73,100.7,103.7,86.7,0,67,0,2018,86.7,72
PattCo00,Cordarrelle Patterson,NWE,WR,27,15,5,0,0,0,0,0,42,228,5.43,1,28,21,247,11.76,3,1,1,5,0,0,76,96.5,103.5,86.0,0,62,0,2018,86.0,73
FostRo01,Robert Foster,BUF,WR,24,13,3,0,0,0,0,0,0,0,0,0,44,27,541,20.04,3,0,0,3,0,0,72,99.1,102.1,85.6,0,70,0,2018,85.6,74
ReynJo00,Josh Reynolds,LAR,WR,23,16,8,0,0,0,0,0,2,8,4.0,0,53,29,402,13.86,5,0,0,5,0,0,71,100.0,103.0,85.5,0,72,0,2018,85.5,75
RobeSe00,Seth Roberts,OAK,WR,27,15,7,0,0,0,0,0,3,5,1.67,0,64,45,494,10.98,2,0,0,2,0,0,62,106.9,109.9,84.4,0,80,0,2018,84.4,76
WilsAl02,Albert Wilson,MIA,WR,26,7,3,1,1,52,1,0,8,16,2.0,0,35,26,391,15.04,4,0,0,4,0,0,71,96.8,99.8,83.8,0,73,0,2018,83.8,77
GallMi00,Michael Gallup,DAL,WR,22,16,8,0,0,0,0,0,0,0,0,0,68,33,507,15.36,2,0,0,2,1,0,65,97.7,100.7,81.2,0,76,0,2018,81.2,78
WrigJa02,Jarius Wright,CAR,WR,29,16,6,0,0,0,0,0,2,39,19.5,0,59,43,447,10.4,1,3,1,1,1,0,55,97.6,101.6,76.1,0,82,0,2018,76.1,79
GoodMa00,Marquise Goodwin,SFO,WR,28,11,8,0,0,0,0,0,4,9,2.25,0,43,23,395,17.17,4,1,0,4,0,0,64,87.4,90.4,75.9,0,77,0,2018,75.9,80
ConlCh00,Chris Conley,KAN,WR,26,16,13,0,0,0,0,0,0,0,0,0,52,32,334,10.44,5,2,2,5,0,0,59,91.4,96.4,75.4,0,81,0,2018,75.4,81
RossJo00,John Ross,CIN,WR,23,13,10,0,0,0,0,0,4,9,2.25,0,58,21,210,10.0,7,0,0,7,0,0,64,84.9,87.9,74.4,0,79,0,2018,74.4,82
ColeKe00,Keelan Cole,JAX,WR,25,16,11,0,0,0,0,0,0,0,0,0,70,38,491,12.92,1,2,2,1,0,0,51,89.1,94.1,70.1,0,86,0,2018,70.1,83
TaylTa00,Taywan Taylor,TEN,WR,23,13,5,0,0,0,0,0,0,0,0,0,56,37,466,12.59,1,1,1,1,0,0,51,87.6,91.6,69.1,0,87,0,2018,69.1,84
CrowJa00,Jamison Crowder,WAS,WR,25,9,7,0,0,0,0,0,4,30,7.5,0,49,29,388,13.38,2,0,0,2,0,0,54,82.8,85.8,68.3,0,83,0,2018,68.3,85
EnunQu00,Quincy Enunwa,NYJ,WR,26,11,10,0,0,0,0,0,1,0,0.0,0,68,38,449,11.82,1,2,1,1,0,0,49,86.9,90.9,67.9,0,89,0,2018,67.9,86
CobbRa00,Randall Cobb,GNB,WR,28,9,6,0,0,0,0,0,0,0,0,0,61,38,383,10.08,2,2,1,2,0,0,48,86.3,90.3,67.3,0,90,0,2018,67.3,87
DorsPh00,Phillip Dorsett,NWE,WR,25,16,2,0,0,0,0,0,4,29,7.25,0,42,32,290,9.06,3,0,0,3,0,0,50,81.9,84.9,65.9,0,88,0,2018,65.9,88
RobiDe01,Demarcus Robinson,KAN,WR,24,16,5,0,0,0,0,0,0,0,0,0,33,22,288,13.09,4,0,0,4,0,0,53,74.8,77.8,63.8,0,84,0,2018,63.8,89
GranJa00,Jakeem Grant,MIA,WR,26,10,2,0,0,0,0,0,1,5,5.0,0,34,21,268,12.76,2,0,0,4,0,0,51,72.3,75.3,61.8,0,85,0,2018,61.8,90
KearJe01,Jermaine Kearse,NYJ,WR,28,14,9,0,0,0,0,0,0,0,0,0,76,37,371,10.03,1,0,0,1,0,0,43,80.1,83.1,61.6,0,95,0,2018,61.6,91
SharTa00,Tajae Sharpe,TEN,WR,24,16,13,0,0,0,0,0,1,16,16.0,0,47,26,316,12.15,2,0,0,2,0,0,45,71.2,74.2,58.2,0,93,0,2018,58.2,92
GranRy01,Ryan Grant,IND,WR,28,14,10,0,0,0,0,0,0,0,0,0,52,35,334,9.54,1,0,0,1,0,0,39,74.4,77.4,56.9,0,100,0,2018,56.9,93
BenjKe00,Kelvin Benjamin,2TM,WR,27,15,10,0,0,0,0,0,0,0,0,0,67,25,380,15.2,1,0,0,1,0,0,44,69.0,72.0,56.5,0,94,0,2018,56.5,94
PerrBr02,Breshad Perriman,CLE,WR,25,10,2,0,0,0,0,0,4,2,0.5,0,25,16,340,21.25,2,0,0,2,0,0,46,62.2,65.2,54.2,0,92,0,2018,54.2,95
TreaLa00,Laquon Treadwell,MIN,WR,23,15,7,0,0,0,0,0,0,0,0,0,53,35,302,8.63,1,0,0,1,0,0,36,71.2,74.2,53.7,0,105,0,2018,53.7,96
BrowJa03,Jaron Brown,SEA,WR,28,16,2,0,0,0,0,0,0,0,0,0,19,14,166,11.86,5,0,0,5,0,0,47,60.6,63.6,53.6,0,91,0,2018,53.6,97
PascZa00,Zach Pascal,IND,WR,24,16,4,0,0,0,0,0,2,10,5.0,0,46,27,268,9.93,2,0,0,2,0,0,40,66.8,69.8,53.3,0,99,0,2018,53.3,98
AlliGe01,Geronimo Allison,GNB,WR,24,5,4,0,0,0,0,0,0,0,0,0,30,20,303,15.15,2,1,0,2,0,0,42,62.3,65.3,52.3,0,96,0,2018,52.3,99
MattJo00,Jordan Matthews,PHI,WR,26,14,3,0,0,0,0,0,0,0,0,0,28,20,300,15.0,2,0,0,2,0,0,42,62.0,65.0,52.0,0,97,0,2018,52.0,100
HurnAl01,Allen Hurns,DAL,WR,27,16,7,0,0,0,0,0,0,0,0,0,35,20,295,14.75,2,1,0,2,0,0,42,61.5,64.5,51.5,0,98,0,2018,51.5,101
SwitRy00,Ryan Switzer,PIT,WR,24,16,1,0,0,0,0,0,6,21,3.5,0,44,36,253,7.03,1,2,0,1,0,0,33,69.4,72.4,51.4,0,110,0,2018,51.4,102
HamiDa01,DaeSean Hamilton,DEN,WR,23,14,5,0,0,0,0,0,0,0,0,0,45,30,243,8.1,2,0,0,2,0,0,36,66.3,69.3,51.3,0,104,0,2018,51.3,103
RichPa01,Paul Richardson,WAS,WR,26,7,4,0,0,0,0,0,2,9,4.5,0,35,20,262,13.1,2,0,0,2,0,0,39,59.1,62.1,49.1,0,101,0,2018,49.1,104
ParkDe01,DeVante Parker,MIA,WR,25,11,7,0,0,0,0,0,0,0,0,0,47,24,309,12.88,1,0,0,1,0,0,37,60.9,63.9,48.9,0,103,0,2018,48.9,105
PatrTi00,Tim Patrick,DEN,WR,25,16,4,0,0,0,0,0,3,17,5.67,0,41,23,315,13.7,1,2,1,1,0,0,37,60.2,64.2,48.7,0,102,0,2018,48.7,106
CoutKe00,Keke Coutee,HOU,WR,21,6,2,0,0,0,0,0,3,0,0.0,0,41,28,287,10.25,1,0,0,1,0,0,35,62.7,65.7,48.7,0,107,0,2018,48.7,107
GarcPi00,Pierre Garcon,SFO,WR,32,8,8,0,0,0,0,0,0,0,0,0,46,24,286,11.92,1,0,0,1,0,0,35,58.6,61.6,46.6,0,108,0,2018,46.6,108
HarrMa05,Maurice Harris,WAS,WR,26,12,7,0,0,0,0,0,2,10,5.0,0,47,28,304,10.86,0,1,0,0,0,0,31,59.4,62.4,45.4,0,115,0,2018,45.4,109
ElliBr00,Bruce Ellington,2TM,WR,27,7,3,0,1,0,0,0,1,2,2.0,0,42,31,224,7.23,1,1,0,1,0,0,29,59.6,62.6,44.1,0,120,0,2018,44.1,110
GinnTe00,Ted Ginn Jr.,NOR,WR,33,5,3,0,0,0,0,0,3,26,8.67,0,30,17,209,12.29,2,1,1,2,1,0,36,52.5,56.5,44.0,0,106,0,2018,44.0,111
St.BEq00,Equanimeous St. Brown,GNB,WR,22,12,7,0,0,0,0,0,1,5,5.0,0,36,21,328,15.62,0,0,0,0,0,0,33,54.3,57.3,43.8,0,111,0,2018,43.8,112
McKeIs00,Isaiah McKenzie,2TM,WR,23,8,1,0,0,0,0,0,10,66,6.6,2,30,18,179,9.94,0,2,1,2,0,0,35,52.5,56.5,43.5,0,109,0,2018,43.5,113
TaylTr02,Trent Taylor,SFO,WR,24,14,0,0,0,0,0,0,0,0,0,0,41,26,215,8.27,1,1,0,1,1,0,30,55.5,58.5,42.5,0,118,0,2018,42.5,114
SmitTo02,Torrey Smith,CAR,WR,29,11,6,0,0,0,0,0,0,0,0,0,31,17,190,11.18,2,0,0,2,1,0,33,50.0,53.0,41.5,0,112,0,2018,41.5,115
JoneT.00,T.J. Jones,DET,WR,26,15,3,0,0,0,0,0,0,0,0,0,26,19,190,10.0,2,0,0,2,0,0,31,50.0,53.0,40.5,0,116,0,2018,40.5,116
KirkKe00,Keith Kirkwood,NOR,WR,24,8,1,0,0,0,0,0,0,0,0,0,21,13,209,16.08,2,0,0,2,0,0,33,45.9,48.9,39.4,0,113,0,2018,39.4,117
MoorCh00,Chris Moore,BAL,WR,25,16,0,0,0,0,0,0,5,17,3.4,0,25,19,196,10.32,1,0,0,1,0,0,27,46.3,49.3,36.8,0,122,0,2018,36.8,118
SherTr00,Trent Sherfield,ARI,WR,22,13,2,0,0,0,0,0,0,0,0,0,28,19,210,11.05,1,0,0,1,0,0,27,46.0,49.0,36.5,0,123,0,2018,36.5,119
BryaMa00,Martavis Bryant,OAK,WR,27,8,2,0,0,0,0,0,3,23,7.67,0,27,19,266,14.0,0,1,1,0,0,0,27,45.9,49.9,36.4,0,124,0,2018,36.4,120
ShepRu00,Russell Shepard,NYG,WR,28,12,0,0,0,0,0,0,0,0,0,0,19,10,188,18.8,2,0,0,2,0,0,31,40.8,43.8,35.8,0,117,0,2018,35.8,121
WashJa00,James Washington,PIT,WR,22,14,6,0,0,0,0,0,0,0,0,0,38,16,217,13.56,1,0,0,1,0,0,28,43.7,46.7,35.7,0,121,0,2018,35.7,122
AustTa00,Tavon Austin,DAL,WR,28,7,0,0,0,0,0,0,6,55,9.17,0,13,8,140,17.5,2,0,0,2,0,0,32,39.5,42.5,35.5,0,114,0,2018,35.5,123
BenjTr00,Travis Benjamin,LAC,WR,29,12,3,0,0,0,0,0,7,41,5.86,0,24,12,186,15.5,1,0,0,1,0,0,29,40.7,43.7,34.7,0,119,0,2018,34.7,124
FowlBe00,Bennie Fowler,NYG,WR,27,10,5,0,0,0,0,0,0,0,0,0,27,16,199,12.44,1,1,0,1,0,0,26,41.9,44.9,33.9,0,125,0,2018,33.9,125
WillCh05,Chad Williams,ARI,WR,24,10,7,0,0,0,0,0,1,9,9.0,0,46,17,171,10.06,1,0,0,1,0,0,24,41.0,44.0,32.5,0,129,0,2018,32.5,126
HardJu00,Justin Hardy,ATL,WR,27,16,0,0,0,0,0,0,0,0,0,0,22,14,133,9.5,2,1,0,2,0,0,25,39.3,42.3,32.3,0,127,0,2018,32.3,127
LaFeBr00,Brandon LaFell,OAK,WR,32,6,5,0,0,0,0,0,0,0,0,0,16,12,135,11.25,2,0,0,2,0,0,26,37.5,40.5,31.5,0,126,0,2018,31.5,128
CartDe02,DeAndre Carter,2TM,WR,25,14,4,0,0,0,0,0,1,7,7.0,0,25,22,216,9.82,0,5,1,0,0,0,20,42.3,46.3,31.3,0,136,0,2018,31.3,129
LatiCo00,Cody Latimer,NYG,WR,26,6,2,0,0,0,0,0,0,0,0,0,16,11,190,17.27,1,0,0,1,0,0,25,36.0,39.0,30.5,0,128,0,2018,30.5,130
CoreCo00,Cody Core,CIN,WR,24,14,3,0,0,0,0,0,0,0,0,0,28,13,160,12.31,1,0,0,1,1,0,24,37.0,40.0,30.5,0,130,0,2018,30.5,131
AtemMa00,Marcell Ateman,OAK,WR,24,7,6,0,0,0,0,0,0,0,0,0,31,15,154,10.27,1,0,0,1,0,0,21,36.4,39.4,28.9,0,133,0,2018,28.9,132
JameRi00,Richie James,SFO,WR,23,13,2,0,0,0,0,0,0,0,0,0,14,9,130,14.44,1,2,1,2,0,0,23,32.0,36.0,27.5,0,131,0,2018,27.5,133
ArnoDa00,Dan Arnold,NOR,WR,23,10,1,0,0,0,0,0,0,0,0,0,19,12,150,12.5,1,1,0,1,0,0,21,33.0,36.0,27.0,0,134,0,2018,27.0,134
EricAl01,Alex Erickson,CIN,WR,26,16,6,0,0,0,0,0,3,22,7.33,0,29,20,167,8.35,0,1,1,0,0,0,17,36.9,40.9,26.9,0,141,0,2018,26.9,135
BellJo02,Josh Bellamy,CHI,WR,29,16,2,0,0,0,0,0,0,0,0,0,25,14,117,8.36,1,0,0,1,1,0,20,33.7,36.7,26.7,0,137,0,2018,26.7,136
CarrAu00,Austin Carr,NOR,WR,25,14,2,0,0,0,0,0,0,0,0,0,14,9,97,10.78,2,0,0,2,0,0,22,30.7,30.7,26.2,0,132,0,2018,26.2,137
HallMa02,Marvin Hall,ATL,WR,25,16,0,0,0,0,0,0,2,0,0.0,0,19,10,149,14.9,1,0,0,1,0,0,21,30.9,33.9,25.9,0,135,0,2018,25.9,138
MarsBr00,Brandon Marshall,SEA,WR,34,7,2,0,0,0,0,0,0,0,0,0,23,11,136,12.36,1,0,0,1,0,0,20,30.6,33.6,25.1,0,138,0,2018,25.1,139
ThomDe04,Deonte Thompson,2TM,WR,29,13,6,0,0,0,0,0,0,0,0,0,30,17,161,9.47,0,0,0,0,0,0,16,33.1,36.1,24.6,0,144,0,2018,24.6,140
FloyMi00,Michael Floyd,WAS,WR,29,13,3,0,0,0,0,0,0,0,0,0,24,10,100,10.0,1,0,0,1,1,0,18,28.0,31.0,23.0,0,139,0,2018,23.0,141
JennDa00,Darius Jennings,TEN,WR,26,16,0,1,1,21,0,0,1,2,2.0,0,15,11,101,9.18,0,0,0,1,0,0,17,28.1,31.1,22.6,0,140,0,2018,22.6,142
CharDJ00,DJ Chark,JAX,WR,22,11,0,0,0,0,0,0,0,0,0,0,32,14,174,12.43,0,1,1,0,0,0,15,29.4,33.4,22.4,0,146,0,2018,22.4,143
RatlDa00,Damion Ratley,CLE,WR,23,13,3,0,0,0,0,0,0,0,0,0,20,13,144,11.08,0,0,0,0,0,0,14,27.4,30.4,20.9,0,149,0,2018,20.9,144
KumeJa00,Jake Kumerow,GNB,WR,26,5,2,0,0,0,0,0,0,0,0,0,11,8,103,12.88,1,0,0,1,0,0,16,24.3,27.3,20.3,0,143,0,2018,20.3,145
MereCa00,Cameron Meredith,NOR,WR,26,6,1,0,0,0,0,0,0,0,0,0,10,9,114,12.67,1,1,1,1,0,0,15,24.4,28.4,19.9,0,147,0,2018,19.9,146
JoneAn01,Andy Jones,DET,WR,24,8,3,0,0,0,0,0,0,0,0,0,24,11,80,7.27,1,0,0,1,0,0,14,25.0,25.0,19.5,0,151,0,2018,19.5,147
BurnDe00,Deontay Burnett,NYJ,WR,21,5,1,0,0,0,0,0,0,0,0,0,15,10,143,14.3,0,0,0,0,0,0,14,24.3,27.3,19.3,0,150,0,2018,19.3,148
JohnMa07,Marcus Johnson,IND,WR,24,5,0,0,0,0,0,0,1,-2,-2.0,0,8,6,102,17.0,1,0,0,1,0,0,16,22.0,25.0,19.0,0,145,0,2018,19.0,149
PoweBr00,Brandon Powell,DET,WR,23,6,1,0,0,0,0,0,1,4,4.0,0,17,11,129,11.73,0,0,0,0,0,0,13,24.3,27.3,18.8,0,153,0,2018,18.8,150
QuinTr00,Trey Quinn,WAS,WR,23,3,2,0,0,0,0,0,1,0,0.0,0,10,9,75,8.33,1,0,0,1,0,0,14,22.5,22.5,18.0,0,152,0,2018,18.0,151
CarrLe00,Leonte Carroo,MIA,WR,24,9,0,0,0,0,0,0,1,14,14.0,0,4,2,94,47.0,1,0,0,1,0,0,17,18.8,18.8,17.8,0,142,0,2018,17.8,152
SmitVy00,Vyncint Smith,HOU,WR,22,7,1,0,0,0,0,0,0,0,0,0,10,5,91,18.2,1,0,0,1,0,0,15,20.1,20.1,17.6,0,148,0,2018,17.6,153
CarrDe00,Derek Carrier,OAK,WR,28,16,2,0,0,0,0,0,0,0,0,0,12,7,67,9.57,1,0,0,1,0,0,13,19.7,19.7,16.2,0,154,0,2018,16.2,154
RogeEl00,Eli Rogers,PIT,WR,26,3,3,0,0,0,0,0,1,-4,-4.0,0,14,12,79,6.58,0,1,0,0,1,0,10,21.5,21.5,15.5,0,157,0,2018,15.5,155
ButlBr00,Brice Butler,2TM,WR,28,8,1,0,0,0,0,0,0,0,0,0,10,6,60,10.0,1,0,0,1,0,0,12,18.0,18.0,15.0,0,155,0,2018,15.0,156
LewiTo00,Tommylee Lewis,NOR,WR,26,7,3,0,0,0,0,0,2,10,5.0,0,3,3,60,20.0,1,1,1,1,0,0,11,14.0,15.0,12.5,0,156,0,2018,12.5,157
BatsCa00,Cameron Batson,TEN,WR,23,11,2,0,0,0,0,0,1,1,1.0,0,11,8,82,10.25,0,1,0,0,0,0,8,16.3,16.3,12.3,0,160,0,2018,12.3,158
WhitKe00,Kevin White,CHI,WR,26,9,0,0,0,0,0,0,0,0,0,0,8,4,92,23.0,0,0,0,0,0,0,9,13.2,13.2,11.2,0,159,0,2018,11.2,159
ThomDe05,De'Anthony Thomas,KAN,WR,25,5,0,0,0,0,0,0,1,6,6.0,0,5,3,29,9.67,1,1,0,1,0,0,10,12.5,12.5,11.0,0,158,0,2018,11.0,160
ColeCo00,Corey Coleman,NYG,WR,24,8,1,0,0,0,0,0,1,5,5.0,0,8,5,71,14.2,0,0,0,0,0,0,8,12.6,12.6,10.1,0,161,0,2018,10.1,161
NelsJJ00,JJ Nelson,ARI,WR,26,14,2,0,0,0,0,0,4,0,0.0,0,19,7,64,9.14,0,0,0,0,0,0,6,13.4,13.4,9.9,0,162,0,2018,9.9,162
GageRu00,Russell Gage,ATL,WR,22,15,0,0,0,0,0,0,0,0,0,0,10,6,63,10.5,0,0,0,0,0,0,6,12.3,12.3,9.3,0,163,0,2018,9.3,163
AikeKa00,Kamar Aiken,PHI,WR,29,5,1,0,0,0,0,0,0,0,0,0,7,6,53,8.83,0,0,0,0,0,0,5,11.3,11.3,8.3,0,166,0,2018,8.3,164
BrowNo00,Noah Brown,DAL,WR,22,8,2,0,0,0,0,0,0,0,0,0,8,5,54,10.8,0,0,0,0,0,0,5,10.4,10.4,7.9,0,165,0,2018,7.9,165
SterNe00,Neal Sterling,NYJ,WR,26,5,4,0,0,0,0,0,0,0,0,0,8,6,47,7.83,0,0,0,0,0,0,5,10.7,10.7,7.7,0,169,0,2018,7.7,166
WillDe06,Derrick Willies,CLE,WR,24,5,0,0,0,0,0,0,0,0,0,0,5,3,61,20.33,0,1,0,0,0,0,6,9.1,9.1,7.6,0,164,0,2018,7.6,167
WilsJe00,Bobo Wilson,TAM,WR,23,5,0,0,0,0,0,0,0,0,0,0,5,4,52,13.0,0,0,0,0,0,0,5,9.2,9.2,7.2,0,167,0,2018,7.2,168
GreeRa00,Rashad Greene,JAX,WR,26,8,1,0,0,0,0,0,0,0,0,0,8,6,60,10.0,0,2,1,0,0,0,4,10.0,11.0,7.0,0,171,0,2018,7.0,169
DaviJa07,Jawill Davis,NYG,WR,23,7,0,0,0,0,0,0,0,0,0,0,8,4,40,10.0,0,0,0,0,0,0,4,8.0,8.0,6.0,0,170,0,2018,6.0,170
BeebCh00,Chad Beebe,MIN,WR,24,3,0,0,0,0,0,0,0,0,0,0,4,4,39,9.75,0,0,0,0,0,0,4,7.9,7.9,5.9,0,172,0,2018,5.9,171
TateAu00,Auden Tate,CIN,WR,21,7,0,0,0,0,0,0,0,0,0,0,12,4,35,8.75,0,0,0,0,0,0,4,7.5,7.5,5.5,0,174,0,2018,5.5,172
GibsSh00,Shelton Gibson,PHI,WR,24,15,0,0,0,0,0,0,0,0,0,0,3,1,48,48.0,0,0,0,0,0,0,5,5.8,5.8,5.3,0,168,0,2018,5.3,173
TollJa00,Jalen Tolliver,ARI,WR,23,3,1,0,0,0,0,0,0,0,0,0,6,3,37,12.33,0,0,0,0,0,0,4,6.7,6.7,5.2,0,173,0,2018,5.2,174
WimsJa00,Javon Wims,CHI,WR,24,4,0,0,0,0,0,0,0,0,0,0,5,4,32,8.0,0,0,0,0,0,0,3,7.2,7.2,5.2,0,175,0,2018,5.2,175
MattRi00,Rishard Matthews,2TM,WR,29,8,0,0,0,0,0,0,0,0,0,0,9,5,24,4.8,0,0,0,0,0,0,2,7.4,7.4,4.9,0,178,0,2018,4.9,176
McClRa00,Ray-Ray McCloud,BUF,WR,22,10,1,0,0,0,0,0,2,4,2.0,0,6,5,36,7.2,0,2,1,0,0,0,2,7.0,8.0,4.5,0,182,0,2018,4.5,177
HuntJu00,Justin Hunter,PIT,WR,27,5,0,0,0,0,0,0,0,0,0,0,13,3,21,7.0,0,0,0,0,0,0,2,5.1,5.1,3.6,0,181,0,2018,3.6,178
PeakCh00,Charone Peake,NYJ,WR,26,13,0,0,0,0,0,0,0,0,0,0,3,2,25,12.5,0,0,0,0,0,0,3,4.5,4.5,3.5,0,176,0,2018,3.5,179
QuicBr00,Brian Quick,WAS,WR,29,6,3,0,0,0,0,0,0,0,0,0,3,3,18,6.0,0,0,0,0,0,0,2,4.8,4.8,3.3,0,184,0,2018,3.3,180
TurnMa00,Malik Turner,SEA,WR,22,6,0,0,0,0,0,0,0,0,0,0,3,2,20,10.0,0,0,0,0,0,0,2,4.0,4.0,3.0,0,183,0,2018,3.0,181
CracRi00,River Cracraft,DEN,WR,24,8,0,0,0,0,0,0,0,0,0,0,2,1,44,44.0,0,1,1,0,0,0,2,3.4,4.4,2.9,0,177,0,2018,2.9,182
WillTe01,Terrance Williams,DAL,WR,29,3,2,0,0,0,0,0,0,0,0,0,3,2,18,9.0,0,0,0,0,0,0,2,3.8,3.8,2.8,0,185,0,2018,2.8,183
ZylsBr00,Brandon Zylstra,MIN,WR,25,16,0,0,0,0,0,0,0,0,0,0,2,1,23,23.0,0,0,0,0,0,0,2,3.3,3.3,2.8,0,179,0,2018,2.8,184
DietGe00,Gehrig Dieter,KAN,WR,25,4,0,0,0,0,0,0,0,0,0,0,3,1,22,22.0,0,0,0,0,0,0,2,3.2,3.2,2.7,0,180,0,2018,2.7,185
HodgKh00,KhaDarel Hodge,LAR,WR,23,14,0,0,0,0,0,0,0,0,0,0,3,2,17,8.5,0,0,0,0,0,0,2,3.7,3.7,2.7,0,187,0,2018,2.7,186
WillNi02,Nick Williams,2TM,WR,28,4,0,0,0,0,0,0,0,0,0,0,5,2,17,8.5,0,0,0,0,0,0,2,3.7,3.7,2.7,0,186,0,2018,2.7,187
WebbJo00,Joe Webb,HOU,WR,32,16,0,0,0,0,0,0,0,0,0,0,3,2,13,6.5,0,0,0,0,0,0,1,3.3,3.3,2.3,0,189,0,2018,2.3,188
WhitTi00,Tim White,BAL,WR,24,3,0,0,0,0,0,0,0,0,0,0,1,1,14,14.0,0,1,0,0,0,0,1,2.4,2.4,1.9,0,188,0,2018,1.9,189
CoatSa00,Sammie Coates,HOU,WR,25,12,0,0,0,0,0,0,0,0,0,0,2,1,12,12.0,0,0,0,0,0,0,1,2.2,2.2,1.7,0,190,0,2018,1.7,190
MaloJo00,Josh Malone,CIN,WR,22,9,0,0,0,0,0,0,0,0,0,0,5,1,12,12.0,0,0,0,0,0,0,1,2.2,2.2,1.7,0,191,0,2018,1.7,191
BoldVi00,Victor Bolden,2TM,WR,23,6,0,0,0,0,0,0,0,0,0,0,4,1,10,10.0,0,0,0,0,0,0,1,2.0,2.0,1.5,0,192,0,2018,1.5,192
HardJu01,Justin Hardee,NOR,WR,24,16,0,0,0,0,0,0,0,0,0,0,1,1,10,10.0,0,0,0,0,0,0,1,2.0,2.0,1.5,0,193,0,2018,1.5,193
PhilCa01,Cam Phillips,BUF,WR,23,2,0,0,0,0,0,0,0,0,0,0,1,1,9,9.0,0,0,0,0,0,0,1,1.9,1.9,1.4,0,194,0,2018,1.4,194
ByrdDa00,Damiere Byrd,CAR,WR,25,8,0,0,0,0,0,0,0,0,0,0,2,1,8,8.0,0,0,0,0,0,0,1,1.8,1.8,1.3,0,195,0,2018,1.3,195
HatcKe00,Keon Hatcher,OAK,WR,24,3,0,0,0,0,0,0,0,0,0,0,2,1,8,8.0,0,0,0,0,0,0,1,1.8,1.8,1.3,0,196,0,2018,1.3,196
KidsDa00,Darvin Kidsy,WAS,WR,23,2,0,0,0,0,0,0,0,0,0,0,2,1,8,8.0,0,0,0,0,0,0,1,1.8,1.8,1.3,0,197,0,2018,1.3,197
KempMa00,Marcus Kemp,KAN,WR,23,16,0,0,0,0,0,0,0,0,0,0,2,1,7,7.0,0,0,0,0,0,0,1,1.7,1.7,1.2,0,200,0,2018,1.2,198
LazaAl00,Allen Lazard,GNB,WR,23,1,0,0,0,0,0,0,0,0,0,0,1,1,7,7.0,0,0,0,0,0,0,1,1.7,1.7,1.2,0,199,0,2018,1.2,199
WatsJu01,Justin Watson,TAM,WR,22,12,0,0,0,0,0,0,0,0,0,0,3,1,5,5.0,0,0,0,0,0,0,1,1.5,1.5,1.0,0,201,0,2018,1.0,200
McKiJ.00,J.D. McKissic,SEA,WR,25,5,0,0,0,0,0,0,3,8,2.67,0,1,0,0,0,0,0,0,0,0,0,1,0.8,0.8,0.8,0,198,0,2018,0.8,201
ChesJe00,Jehu Chesson,WAS,WR,25,12,0,0,0,0,0,0,1,-4,-4.0,0,2,1,7,7.0,0,0,0,0,0,0,0,1.3,1.3,0.8,0,202,0,2018,0.8,202
HeywDa00,Darrius Heyward-Bey,PIT,WR,31,14,2,0,0,0,0,0,1,-7,-7.0,0,2,1,9,9.0,0,0,0,0,0,0,0,1.2,1.2,0.7,0,203,0,2018,0.7,203
MoorJM00,J'Mon Moore,GNB,WR,23,12,0,0,0,0,0,0,0,0,0,0,3,2,15,7.5,0,1,1,0,0,0,-1,1.5,2.5,0.5,0,237,0,2018,0.5,204
StreRo00,Rod Streater,CLE,WR,30,3,0,0,0,0,0,0,1,-11,-11.0,0,0,0,0,0,0,0,0,0,0,0,-1,-1.1,-1.1,-1.1,0,238,0,2018,-1.1,205
JoneJJ00,JJ Jones,2TM,WR,26,4,0,0,0,0,0,0,1,0,0.0,0,1,1,3,3.0,0,2,1,0,0,0,-2,-0.7,0.3,-1.2,0,239,0,2018,-1.2,206
KelcTr00,Travis Kelce,KAN,TE,29,16,16,0,0,0,0,0,0,0,0,0,150,103,1336,12.97,10,2,1,10,0,0,192,294.6,298.6,243.1,109,1,8,2018,243.1,1
ErtzZa00,Zach Ertz,PHI,TE,28,16,16,0,0,0,0,0,0,0,0,0,156,116,1163,10.03,8,1,0,8,0,0,164,280.3,283.3,222.3,81,3,17,2018,222.3,2
KittGe00,George Kittle,SFO,TE,25,16,16,0,0,0,0,0,1,10,10.0,0,136,88,1377,15.65,5,0,0,5,1,0,171,258.7,261.7,214.7,88,2,16,2018,214.7,3
EbroEr00,Eric Ebron,IND,TE,25,16,8,0,1,0,0,0,3,-8,-2.67,1,110,66,750,11.36,13,1,1,14,0,0,156,222.2,226.2,189.2,73,4,20,2018,189.2,4
CookJa02,Jared Cook,OAK,TE,31,16,14,0,0,0,0,0,0,0,0,0,101,68,896,13.18,6,0,0,6,0,0,126,193.6,196.6,159.6,43,5,39,2018,159.6,5
HoopAu00,Austin Hooper,ATL,TE,24,16,7,0,0,0,0,0,0,0,0,0,88,71,660,9.3,4,0,0,4,1,0,92,163.0,166.0,127.5,9,7,64,2018,127.5,6
BurtTr01,Trey Burton,CHI,TE,27,16,16,0,0,0,0,0,1,2,2.0,0,76,54,569,10.54,6,1,1,6,1,0,93,147.1,151.1,120.1,10,6,61,2018,120.1,7
RudoKy00,Kyle Rudolph,MIN,TE,29,16,16,0,0,0,0,0,0,0,0,0,82,64,634,9.91,4,0,0,4,0,0,87,151.4,154.4,119.4,4,9,66,2018,119.4,8
NjokDa00,David Njoku,CLE,TE,22,16,14,0,0,0,0,0,0,0,0,0,88,56,639,11.41,4,0,0,4,0,0,88,143.9,146.9,115.9,5,8,65,2018,115.9,9
McDoVa00,Vance McDonald,PIT,TE,28,15,14,0,0,0,0,0,0,0,0,0,72,50,610,12.2,4,2,1,4,0,0,83,133.0,137.0,108.0,0,12,76,2018,108.0,10
GronRo00,Rob Gronkowski,NWE,TE,29,13,11,0,0,0,0,0,0,0,0,0,72,47,682,14.51,3,1,1,3,0,0,84,131.2,135.2,107.7,1,11,72,2018,107.7,11
EngrEv00,Evan Engram,NYG,TE,24,11,8,0,0,0,0,0,3,36,12.0,0,64,45,577,12.82,3,0,0,3,1,0,81,126.3,129.3,103.8,0,13,0,2018,103.8,12
HowaO.00,O.J. Howard,TAM,TE,24,10,8,0,0,0,0,0,0,0,0,0,48,34,565,16.62,5,0,0,5,0,0,87,120.5,123.5,103.5,4,10,68,2018,103.5,13
GrahJi00,Jimmy Graham,GNB,TE,32,16,12,0,0,0,0,0,0,0,0,0,89,55,636,11.56,2,0,0,2,0,0,76,130.6,133.6,103.1,0,14,0,2018,103.1,14
HernCh00,Chris Herndon,NYJ,TE,22,16,12,0,0,0,0,0,0,0,0,0,56,39,502,12.87,4,2,0,4,0,0,74,113.2,116.2,93.7,0,15,0,2018,93.7,15
ReedJo02,Jordan Reed,WAS,TE,28,13,8,0,0,0,0,0,0,0,0,0,84,54,558,10.33,2,1,1,2,0,0,66,119.8,123.8,92.8,0,17,0,2018,92.8,16
AndrMa00,Mark Andrews,BAL,TE,23,16,3,0,0,0,0,0,0,0,0,0,50,34,552,16.24,3,0,0,3,0,0,73,107.2,110.2,90.2,0,16,0,2018,90.2,17
UzomC.00,C.J. Uzomah,CIN,TE,25,16,15,0,0,0,0,0,0,0,0,0,64,43,439,10.21,3,0,0,3,0,0,62,104.9,107.9,83.4,0,19,0,2018,83.4,18
BratCa00,Cameron Brate,TAM,TE,27,16,2,0,0,0,0,0,0,0,0,0,49,30,289,9.63,6,1,1,6,0,0,63,92.9,96.9,77.9,0,18,0,2018,77.9,19
GoedDa00,Dallas Goedert,PHI,TE,23,16,8,0,0,0,0,0,0,0,0,0,44,33,334,10.12,4,0,0,4,0,0,57,90.4,93.4,73.9,0,20,0,2018,73.9,20
EverGe00,Gerald Everett,LAR,TE,24,16,0,0,0,0,0,0,2,16,8.0,0,50,33,320,9.7,3,0,0,3,1,0,54,86.6,89.6,70.1,0,22,0,2018,70.1,21
WatsBe00,Ben Watson,NOR,TE,38,16,4,0,0,0,0,0,0,0,0,0,46,35,400,11.43,2,0,0,2,0,0,52,87.0,90.0,69.5,0,24,0,2018,69.5,22
JameJe00,Jesse James,PIT,TE,24,16,7,0,0,0,0,0,0,0,0,0,39,30,423,14.1,2,0,0,2,0,0,54,84.3,87.3,69.3,0,21,0,2018,69.3,23
OlseGr00,Greg Olsen,CAR,TE,33,9,9,0,0,0,0,0,0,0,0,0,38,27,291,10.78,4,0,0,4,0,0,53,80.1,83.1,66.6,0,23,0,2018,66.6,24
ThomIa00,Ian Thomas,CAR,TE,22,16,6,0,0,0,0,0,0,0,0,0,49,36,333,9.25,2,0,0,2,0,0,45,81.3,84.3,63.3,0,29,0,2018,63.3,25
DaviVe00,Vernon Davis,WAS,TE,34,14,8,0,0,0,0,0,0,0,0,0,36,25,367,14.68,2,0,0,2,1,0,51,75.7,78.7,63.2,0,25,0,2018,63.2,26
JarwBl00,Blake Jarwin,DAL,TE,24,16,4,0,0,0,0,0,0,0,0,0,36,27,307,11.37,3,0,0,3,0,0,49,75.7,78.7,62.2,0,26,0,2018,62.2,27
GateAn00,Antonio Gates,LAC,TE,38,16,1,0,0,0,0,0,0,0,0,0,45,28,333,11.89,2,1,1,2,2,0,47,75.3,79.3,61.3,0,27,0,2018,61.3,28
VannNi00,Nick Vannett,SEA,TE,25,15,9,0,0,0,0,0,0,0,0,0,43,29,269,9.28,3,1,0,3,0,0,45,73.9,76.9,59.4,0,30,0,2018,59.4,29
SealRi00,Ricky Seals-Jones,ARI,TE,23,15,5,0,0,0,0,0,0,0,0,0,69,34,343,10.09,1,0,0,1,0,0,40,74.3,77.3,57.3,0,33,0,2018,57.3,30
HeueJe00,Jeff Heuerman,DEN,TE,26,11,10,0,0,0,0,0,0,0,0,0,48,31,281,9.06,2,0,0,2,0,0,40,71.1,74.1,55.6,0,34,0,2018,55.6,31
ThomJo05,Jordan Thomas,HOU,TE,22,16,10,0,0,0,0,0,0,0,0,0,27,20,215,10.75,4,0,0,4,0,0,46,65.5,68.5,55.5,0,28,0,2018,55.5,32
SmitJo01,Jonnu Smith,TEN,TE,23,13,12,0,0,0,0,0,0,0,0,0,30,20,258,12.9,3,1,0,3,0,0,44,63.8,66.8,53.8,0,31,0,2018,53.8,33
HigbTy00,Tyler Higbee,LAR,TE,25,16,16,0,0,0,0,0,0,0,0,0,34,24,292,12.17,2,1,0,2,0,0,41,65.2,68.2,53.2,0,32,0,2018,53.2,34
ElliRh00,Rhett Ellison,NYG,TE,30,14,12,0,0,0,0,0,0,0,0,0,34,25,272,10.88,1,0,0,1,1,0,35,60.2,63.2,47.7,0,35,0,2018,47.7,35
DoylJa00,Jack Doyle,IND,TE,28,6,6,0,0,0,0,0,0,0,0,0,33,26,245,9.42,2,1,1,2,0,0,35,60.5,64.5,47.5,0,36,0,2018,47.5,36
CrooJa00,Jason Croom,BUF,TE,24,15,3,0,0,0,0,0,0,0,0,0,35,22,259,11.77,1,2,2,2,0,0,34,55.9,60.9,44.9,0,38,0,2018,44.9,37
SwaiGe00,Geoff Swaim,DAL,TE,25,9,9,0,0,0,0,0,0,0,0,0,32,26,242,9.31,1,0,0,1,0,0,30,56.2,59.2,43.2,0,44,0,2018,43.2,38
LaCoMa00,Matt LaCosse,DEN,TE,26,15,5,0,0,0,0,0,0,0,0,0,37,24,250,10.42,1,0,0,1,0,0,31,55.0,58.0,43.0,0,41,0,2018,43.0,39
ToilLe00,Levine Toilolo,DET,TE,27,16,10,0,0,0,0,0,0,0,0,0,24,21,263,12.52,1,0,0,1,0,0,32,53.3,56.3,42.8,0,40,0,2018,42.8,40
GrifRy00,Ryan Griffin,HOU,TE,28,14,11,0,0,0,0,0,0,0,0,0,43,24,305,12.71,0,0,0,0,0,0,31,54.5,57.5,42.5,0,43,0,2018,42.5,41
HarrDe03,Demetrius Harris,KAN,TE,27,15,3,0,0,0,0,0,0,0,0,0,25,12,164,13.67,3,0,0,3,0,0,34,46.4,49.4,40.4,0,37,0,2018,40.4,42
DickEd00,Ed Dickson,SEA,TE,31,10,1,0,0,0,0,0,1,9,9.0,0,13,12,143,11.92,3,0,0,3,0,0,33,45.2,48.2,39.2,0,39,0,2018,39.2,43
FirkAn00,Anthony Firkser,TEN,TE,23,12,0,0,0,0,0,0,0,0,0,0,20,19,225,11.84,1,0,0,1,0,0,29,47.5,50.5,38.0,0,46,0,2018,38.0,44
DeveJa00,James Develin,NWE,TE,30,16,8,0,0,0,0,0,6,8,1.33,4,17,12,61,5.08,0,0,0,4,0,0,31,42.9,42.9,36.9,0,42,0,2018,36.9,45
GreeVi00,Virgil Green,LAC,TE,30,16,16,0,0,0,0,0,0,0,0,0,27,19,210,11.05,1,0,0,1,0,0,27,46.0,49.0,36.5,0,50,0,2018,36.5,46
StocLu00,Luke Stocker,TEN,TE,30,16,11,0,0,0,0,0,1,0,0.0,0,21,15,165,11.0,2,0,0,2,0,0,29,43.5,46.5,36.0,0,47,0,2018,36.0,47
FellDa01,Darren Fells,CLE,TE,32,16,11,0,0,0,0,0,0,0,0,0,12,11,117,10.64,3,0,0,3,0,0,30,40.7,43.7,35.2,0,45,0,2018,35.2,48
O'ShJa00,James O'Shaughnessy,JAX,TE,26,14,9,0,0,0,0,0,0,0,0,0,38,24,214,8.92,0,0,0,0,0,0,21,45.4,48.4,33.4,0,59,0,2018,33.4,49
BoylNi00,Nick Boyle,BAL,TE,25,16,13,0,0,0,0,0,0,0,0,0,37,23,213,9.26,0,0,0,0,0,0,21,44.3,47.3,32.8,0,60,0,2018,32.8,50
RobeMi01,Michael Roberts,DET,TE,24,8,2,0,0,0,0,0,0,0,0,0,20,9,100,11.11,3,0,0,3,0,0,28,37.0,40.0,32.5,0,48,0,2018,32.5,51
HillJo02,Josh Hill,NOR,TE,28,16,11,0,0,0,0,0,0,0,0,0,24,16,185,11.56,1,0,0,1,0,0,25,40.5,43.5,32.5,0,54,0,2018,32.5,52
KendLa00,Lance Kendricks,GNB,TE,30,16,3,0,0,0,0,0,0,0,0,0,25,19,170,8.95,1,0,0,1,0,0,23,42.0,45.0,32.5,0,56,0,2018,32.5,53
DissWi00,Will Dissly,SEA,TE,22,4,4,0,0,0,0,0,0,0,0,0,14,8,156,19.5,2,0,0,2,0,0,28,35.6,38.6,31.6,0,49,0,2018,31.6,54
EifeTy00,Tyler Eifert,CIN,TE,28,4,2,0,0,0,0,0,0,0,0,0,19,15,179,11.93,1,0,0,1,0,0,24,38.9,41.9,31.4,0,55,0,2018,31.4,55
AkinJo00,Jordan Akins,HOU,TE,26,16,6,0,0,0,0,0,0,0,0,0,25,17,225,13.24,0,0,0,0,0,0,23,39.5,42.5,31.0,0,57,0,2018,31.0,56
SwooEr00,Erik Swoope,IND,TE,26,7,2,0,0,0,0,0,0,0,0,0,10,8,87,10.88,3,0,0,3,0,0,27,34.7,34.7,30.7,0,51,0,2018,30.7,57
SmitLe00,Lee Smith,OAK,TE,31,16,4,0,0,0,0,0,0,0,0,0,11,10,73,7.3,3,0,0,3,0,0,25,35.3,35.3,30.3,0,52,0,2018,30.3,58
GesiMi00,Mike Gesicki,MIA,TE,23,16,7,0,0,0,0,0,0,0,0,0,32,22,202,9.18,0,1,1,0,0,0,18,40.2,44.2,29.2,0,63,0,2018,29.2,59
WillMa04,Maxx Williams,BAL,TE,24,13,6,0,0,0,0,0,3,8,2.67,0,17,16,143,8.94,1,0,0,1,0,0,21,37.1,40.1,29.1,0,61,0,2018,29.1,60
AlieMo00,Mo Alie-Cox,IND,TE,25,9,1,0,0,0,0,0,0,0,0,0,13,7,133,19.0,2,0,0,2,0,0,25,32.3,35.3,28.8,0,53,0,2018,28.8,61
HursHa00,Hayden Hurst,BAL,TE,25,12,0,0,0,0,0,0,1,0,0.0,0,23,13,163,12.54,1,0,0,1,0,0,22,35.3,38.3,28.8,0,58,0,2018,28.8,62
ClayCh00,Charles Clay,BUF,TE,29,13,12,0,0,0,0,0,0,0,0,0,36,21,184,8.76,0,1,1,0,0,0,16,37.4,41.4,26.9,0,65,0,2018,26.9,63
LeggJo00,Jordan Leggett,NYJ,TE,23,15,4,0,0,0,0,0,0,0,0,0,24,14,114,8.14,1,0,0,1,0,0,17,31.4,34.4,24.4,0,64,0,2018,24.4,64
CeleGa00,Garrett Celek,SFO,TE,30,15,1,0,0,0,0,0,0,0,0,0,8,5,90,18.0,2,0,0,2,0,0,21,26.0,26.0,23.5,0,62,0,2018,23.5,65
PruiMy00,MyCole Pruitt,TEN,TE,26,15,1,0,0,0,0,0,0,0,0,0,11,9,102,11.33,1,0,0,1,0,0,16,25.2,28.2,20.7,0,66,0,2018,20.7,66
SefeAu00,Austin Seferian-Jenkins,JAX,TE,26,5,5,0,0,0,0,0,0,0,0,0,19,11,90,8.18,1,0,0,1,0,0,15,26.0,26.0,20.5,0,68,0,2018,20.5,67
PaulLo00,Logan Paulsen,ATL,TE,31,15,10,0,0,0,0,0,0,0,0,0,9,9,91,10.11,1,0,0,1,0,0,15,24.1,24.1,19.6,0,67,0,2018,19.6,68
SimoSc00,Scott Simonson,NYG,TE,26,16,4,0,0,0,0,0,0,0,0,0,14,9,86,9.56,1,0,0,1,0,0,15,23.6,23.6,19.1,0,69,0,2018,19.1,69
OLeaNi00,Nick O'Leary,MIA,TE,26,12,7,0,0,0,0,0,0,0,0,0,10,8,86,10.75,1,0,0,1,0,0,15,22.6,22.6,18.6,0,70,0,2018,18.6,70
SchuDa00,Dalton Schultz,DAL,TE,22,11,7,0,0,0,0,0,0,0,0,0,17,12,116,9.67,0,0,0,0,0,0,12,23.6,26.6,17.6,0,73,0,2018,17.6,71
DevaSe00,Seth Devalve,CLE,TE,25,13,4,0,0,0,0,0,0,0,0,0,7,5,74,14.8,1,0,0,1,0,0,13,18.4,18.4,15.9,0,72,0,2018,15.9,72
TonyRo00,Robert Tonyan,GNB,TE,24,16,1,0,0,0,0,0,0,0,0,0,6,4,77,19.25,1,0,0,1,0,0,14,17.7,17.7,15.7,0,71,0,2018,15.7,73
WillLu00,Luke Willson,DET,TE,28,14,8,0,0,0,0,0,0,0,0,0,19,13,87,6.69,0,0,0,0,0,0,9,21.7,21.7,15.2,0,78,0,2018,15.2,74
SpriJe00,Jeremy Sprinkle,WAS,TE,24,16,9,0,0,0,0,0,0,0,0,0,9,5,41,8.2,1,0,0,1,0,0,10,15.1,15.1,12.6,0,76,0,2018,12.6,75
WallDa01,Darren Waller,OAK,TE,26,4,0,0,0,0,0,0,1,21,21.0,0,6,6,75,12.5,0,0,0,0,0,0,10,15.6,15.6,12.6,0,77,0,2018,12.6,76
ButtJa00,Jake Butt,DEN,TE,23,3,3,0,0,0,0,0,0,0,0,0,13,8,85,10.63,0,0,0,0,0,0,9,16.5,16.5,12.5,0,79,0,2018,12.5,77
DerbA.00,A.J. Derby,MIA,TE,27,4,0,0,0,0,0,0,0,0,0,0,5,3,48,16.0,1,0,0,1,0,0,11,13.8,13.8,12.3,0,75,0,2018,12.3,78
ManhCh00,Chris Manhertz,CAR,TE,26,16,4,0,0,0,0,0,0,0,0,0,5,2,52,26.0,1,0,0,1,0,0,11,13.2,13.2,12.2,0,74,0,2018,12.2,79
GresJe00,Jermaine Gresham,ARI,TE,30,13,11,0,0,0,0,0,0,0,0,0,12,9,94,10.44,0,1,1,0,0,0,7,16.4,17.4,11.9,0,82,0,2018,11.9,80
TomlEr01,Eric Tomlinson,NYJ,TE,26,15,12,0,0,0,0,0,0,0,0,0,14,8,72,9.0,0,0,0,0,0,0,7,15.2,15.2,11.2,0,83,0,2018,11.2,81
BellBl00,Blake Bell,JAX,TE,27,10,4,0,0,0,0,0,0,0,0,0,11,8,67,8.38,0,0,0,0,0,0,7,14.7,14.7,10.7,0,84,0,2018,10.7,82
ConkTy00,Tyler Conklin,MIN,TE,23,16,3,0,0,0,0,0,0,0,0,0,7,5,77,15.4,0,0,0,0,0,0,8,12.7,12.7,10.2,0,80,0,2018,10.2,83
GrimXa00,Xavier Grimble,PIT,TE,26,16,2,0,0,0,0,0,0,0,0,0,8,6,86,14.33,0,1,1,0,0,0,7,12.6,13.6,9.6,0,86,0,2018,9.6,84
LengMa00,Matt Lengel,CIN,TE,28,11,2,0,0,0,0,0,0,0,0,0,8,3,17,5.67,1,0,0,1,0,0,8,10.7,10.7,9.2,0,81,0,2018,9.2,85
PerkJo02,Joshua Perkins,PHI,TE,25,9,1,0,0,0,0,0,0,0,0,0,11,5,67,13.4,0,0,0,0,0,0,7,11.7,11.7,9.2,0,85,0,2018,9.2,86
GrinDa00,David Grinnage,JAX,TE,24,4,2,0,0,0,0,0,0,0,0,0,8,6,61,10.17,0,0,0,0,0,0,6,12.1,12.1,9.1,0,87,0,2018,9.1,87
AuclAn00,Antony Auclair,TAM,TE,25,16,10,0,0,0,0,0,0,0,0,0,8,7,48,6.86,0,0,0,0,0,0,5,11.8,11.8,8.3,0,92,0,2018,8.3,88
SmytDu00,Durham Smythe,MIA,TE,23,15,2,0,0,0,0,0,0,0,0,0,11,6,50,8.33,0,0,0,0,0,0,5,11.0,11.0,8.0,0,90,0,2018,8.0,89
SaubEr00,Eric Saubert,ATL,TE,24,16,1,0,0,0,0,0,0,0,0,0,9,5,48,9.6,0,0,0,0,0,0,5,9.8,9.8,7.3,0,91,0,2018,7.3,90
HollJa03,Jacob Hollister,NWE,TE,25,8,1,0,0,0,0,0,0,0,0,0,5,4,52,13.0,0,0,0,0,0,0,5,9.2,9.2,7.2,0,88,0,2018,7.2,91
WalkHu00,Delanie Walker,TEN,TE,34,1,1,0,0,0,0,0,0,0,0,0,7,4,52,13.0,0,0,0,0,0,0,5,9.2,9.2,7.2,0,89,0,2018,7.2,92
MorgDa01,David Morgan,MIN,TE,25,11,6,0,0,0,0,0,0,0,0,0,6,5,36,7.2,0,0,0,0,0,0,4,8.6,8.6,6.1,0,97,0,2018,6.1,93
GathRi00,Rico Gathers,DAL,TE,24,15,4,0,0,0,0,0,0,0,0,0,7,3,45,15.0,0,0,0,0,0,0,5,7.5,7.5,6.0,0,93,0,2018,6.0,94
ParkBr00,Brian Parker,DEN,TE,26,13,1,0,0,0,0,0,0,0,0,0,10,5,33,6.6,0,0,0,0,0,0,3,8.3,8.3,5.8,0,99,0,2018,5.8,95
BrauBe00,Ben Braunecker,CHI,TE,24,15,2,0,0,0,0,0,0,0,0,0,5,3,42,14.0,0,0,0,0,0,0,4,7.2,7.2,5.7,0,94,0,2018,5.7,96
KrofTy00,Tyler Kroft,CIN,TE,26,5,2,0,0,0,0,0,0,0,0,0,6,4,36,9.0,0,0,0,0,0,0,4,7.6,7.6,5.6,0,98,0,2018,5.6,97
LewiMa00,Marcedes Lewis,GNB,TE,34,16,4,0,0,0,0,0,0,0,0,0,4,3,39,13.0,0,0,0,0,0,0,4,6.9,6.9,5.4,0,95,0,2018,5.4,98
PhilJo00,John Phillips,ARI,TE,31,8,4,0,0,0,0,0,0,0,0,0,3,3,38,12.67,0,0,0,0,0,0,4,6.8,6.8,5.3,0,96,0,2018,5.3,99
AlleDw00,Dwayne Allen,NWE,TE,28,13,8,0,0,0,0,0,0,0,0,0,4,3,27,9.0,0,0,0,0,0,0,3,5.7,5.7,4.2,0,100,0,2018,4.2,100
CharOr00,Orson Charles,CLE,TE,27,13,2,0,0,0,0,0,0,0,0,0,5,3,23,7.67,0,0,0,0,0,0,2,5.3,5.3,3.8,0,103,0,2018,3.8,101
CulkSe00,Sean Culkin,LAC,TE,25,13,10,0,0,0,0,0,0,0,0,0,1,1,24,24.0,0,0,0,0,0,0,2,3.4,3.4,2.9,0,101,0,2018,2.9,102
SwooTy00,Tyrone Swoopes,SEA,TE,24,1,1,0,0,0,0,0,0,0,0,0,1,1,23,23.0,0,0,0,0,0,0,2,3.3,3.3,2.8,0,102,0,2018,2.8,103
DwelRo00,Ross Dwelley,SFO,TE,23,11,0,0,0,0,0,0,0,0,0,0,2,2,14,7.0,0,0,0,0,0,0,1,3.4,3.4,2.4,0,104,0,2018,2.4,104
VallHa00,Hakeem Valles,DET,TE,26,3,0,0,0,0,0,0,0,0,0,0,3,2,11,5.5,0,0,0,0,0,0,1,3.1,3.1,2.1,0,106,0,2018,2.1,105
CrosAl00,Alan Cross,TAM,TE,25,14,3,0,0,0,0,0,0,0,0,0,5,2,9,4.5,0,0,0,0,0,0,1,2.9,2.9,1.9,0,107,0,2018,1.9,106
FlanMa00,Matt Flanagan,WAS,TE,23,3,1,0,0,0,0,0,0,0,0,0,1,1,14,14.0,0,0,0,0,0,0,1,2.4,2.4,1.9,0,105,0,2018,1.9,107
SimsDi00,Dion Sims,CHI,TE,27,8,4,0,0,0,0,0,0,0,0,0,4,2,9,4.5,0,0,0,0,0,0,1,2.9,2.9,1.9,0,108,0,2018,1.9,108
RodgRi00,Richard Rodgers,PHI,TE,26,7,0,0,0,0,0,0,0,0,0,0,1,1,7,7.0,0,0,0,0,0,0,1,1.7,1.7,1.2,0,109,0,2018,1.2,109
LeexKh00,Khari Lee,BUF,TE,26,2,0,0,0,0,0,0,0,0,0,0,1,1,5,5.0,0,0,0,0,0,0,1,1.5,1.5,1.0,0,111,0,2018,1.0,110
MundJo00,Johnny Mundt,LAR,TE,24,10,0,0,0,0,0,0,0,0,0,0,1,1,5,5.0,0,0,0,0,0,0,1,1.5,1.5,1.0,0,110,0,2018,1.0,111
